year,day,date,mean.max.temp,30.yr.se,30.yr.sd
1993,182,7/1/23,40.6,,
1993,183,7/2/23,39.4,,
1993,184,7/3/23,39.4,,
1993,185,7/4/23,38.9,,
1993,186,7/5/23,38.3,,
1993,187,7/6/23,40,,
1993,188,7/7/23,42.8,,
1993,189,7/8/23,42.2,,
1993,190,7/9/23,40,,
1993,191,7/10/23,39.4,,
1993,192,7/11/23,39.4,,
1993,193,7/12/23,37.8,,
1993,194,7/13/23,39.4,,
1993,195,7/14/23,39.4,,
1993,196,7/15/23,40,,
1993,197,7/16/23,38.9,,
1993,198,7/17/23,38.3,,
1993,199,7/18/23,39.4,,
1993,200,7/19/23,39.4,,
1993,201,7/20/23,38.9,,
1993,202,7/21/23,38.3,,
1993,203,7/22/23,38.9,,
1993,204,7/23/23,39.4,,
1993,205,7/24/23,38.9,,
1993,206,7/25/23,40,,
1993,207,7/26/23,40.6,,
1993,208,7/27/23,40.6,,
1993,209,7/28/23,42.2,,
1993,210,7/29/23,40.6,,
1993,211,7/30/23,42.2,,
1993,212,7/31/23,44.4,,
1993,213,8/1/23,45.6,,
1993,214,8/2/23,42.8,,
1993,215,8/3/23,41.7,,
1993,216,8/4/23,38.9,,
1993,217,8/5/23,42.2,,
1993,218,8/6/23,42.2,,
1993,219,8/7/23,38.9,,
1993,220,8/8/23,37.8,,
1993,221,8/9/23,41.1,,
1993,222,8/10/23,41.7,,
1993,223,8/11/23,42.8,,
1993,224,8/12/23,42.2,,
1993,225,8/13/23,39.4,,
1993,226,8/14/23,40.6,,
1993,227,8/15/23,40.6,,
1993,228,8/16/23,41.1,,
1993,229,8/17/23,41.1,,
1993,230,8/18/23,41.7,,
1993,231,8/19/23,40.6,,
1993,232,8/20/23,38.9,,
1993,233,8/21/23,40,,
1993,234,8/22/23,39.4,,
1993,235,8/23/23,41.7,,
1993,236,8/24/23,38.3,,
1993,237,8/25/23,28.9,,
1993,238,8/26/23,30.6,,
1993,239,8/27/23,26.7,,
1993,240,8/28/23,35.6,,
1993,241,8/29/23,33.3,,
1993,242,8/30/23,34.4,,
1993,243,8/31/23,35,,
1993,244,9/1/23,37.2,,
1993,245,9/2/23,39.4,,
1993,246,9/3/23,40.6,,
1993,247,9/4/23,39.4,,
1993,248,9/5/23,39.4,,
1993,249,9/6/23,39.4,,
1993,250,9/7/23,40.6,,
1993,251,9/8/23,41.1,,
1993,252,9/9/23,41.7,,
1993,253,9/10/23,41.1,,
1993,254,9/11/23,38.9,,
1993,255,9/12/23,35,,
1993,256,9/13/23,34.4,,
1993,257,9/14/23,33.3,,
1993,258,9/15/23,36.1,,
1993,259,9/16/23,36.7,,
1993,260,9/17/23,33.3,,
1993,261,9/18/23,31.1,,
1993,262,9/19/23,33.9,,
1993,263,9/20/23,37.2,,
1993,264,9/21/23,38.9,,
1993,265,9/22/23,39.4,,
1993,266,9/23/23,36.1,,
1993,267,9/24/23,35,,
1993,268,9/25/23,35.6,,
1993,269,9/26/23,38.3,,
1993,270,9/27/23,37.8,,
1993,271,9/28/23,38.9,,
1993,272,9/29/23,39.4,,
1993,273,9/30/23,37.2,,
1994,182,7/1/23,42.8,,
1994,183,7/2/23,43.3,,
1994,184,7/3/23,42.2,,
1994,185,7/4/23,41.1,,
1994,186,7/5/23,40,,
1994,187,7/6/23,40,,
1994,188,7/7/23,42.2,,
1994,189,7/8/23,43.9,,
1994,190,7/9/23,42.2,,
1994,191,7/10/23,41.7,,
1994,192,7/11/23,42.2,,
1994,193,7/12/23,41.7,,
1994,194,7/13/23,42.2,,
1994,195,7/14/23,42.8,,
1994,196,7/15/23,41.1,,
1994,197,7/16/23,39.4,,
1994,198,7/17/23,35,,
1994,199,7/18/23,31.7,,
1994,200,7/19/23,33.9,,
1994,201,7/20/23,38.3,,
1994,202,7/21/23,41.1,,
1994,203,7/22/23,41.7,,
1994,204,7/23/23,41.7,,
1994,205,7/24/23,42.2,,
1994,206,7/25/23,41.7,,
1994,207,7/26/23,39.4,,
1994,208,7/27/23,40.6,,
1994,209,7/28/23,42.2,,
1994,210,7/29/23,39.4,,
1994,211,7/30/23,39.4,,
1994,212,7/31/23,40,,
1994,213,8/1/23,41.7,,
1994,214,8/2/23,43.3,,
1994,215,8/3/23,44.4,,
1994,216,8/4/23,42.2,,
1994,217,8/5/23,44.4,,
1994,218,8/6/23,42.2,,
1994,219,8/7/23,41.7,,
1994,220,8/8/23,36.7,,
1994,221,8/9/23,37.2,,
1994,222,8/10/23,41.7,,
1994,223,8/11/23,43.3,,
1994,224,8/12/23,39.4,,
1994,225,8/13/23,41.1,,
1994,226,8/14/23,38.3,,
1994,227,8/15/23,41.1,,
1994,228,8/16/23,40.6,,
1994,229,8/17/23,37.8,,
1994,230,8/18/23,40,,
1994,231,8/19/23,41.1,,
1994,232,8/20/23,40.6,,
1994,233,8/21/23,40.6,,
1994,234,8/22/23,38.3,,
1994,235,8/23/23,40.6,,
1994,236,8/24/23,41.7,,
1994,237,8/25/23,40,,
1994,238,8/26/23,38.9,,
1994,239,8/27/23,38.9,,
1994,240,8/28/23,40.6,,
1994,241,8/29/23,40.6,,
1994,242,8/30/23,40,,
1994,243,8/31/23,38.9,,
1994,244,9/1/23,38.9,,
1994,245,9/2/23,37.8,,
1994,246,9/3/23,32.2,,
1994,247,9/4/23,36.1,,
1994,248,9/5/23,37.2,,
1994,249,9/6/23,40,,
1994,250,9/7/23,41.7,,
1994,251,9/8/23,41.1,,
1994,252,9/9/23,40.6,,
1994,253,9/10/23,36.7,,
1994,254,9/11/23,36.7,,
1994,255,9/12/23,37.2,,
1994,256,9/13/23,33.3,,
1994,257,9/14/23,32.2,,
1994,258,9/15/23,35,,
1994,259,9/16/23,37.8,,
1994,260,9/17/23,37.8,,
1994,261,9/18/23,38.9,,
1994,262,9/19/23,37.8,,
1994,263,9/20/23,37.2,,
1994,264,9/21/23,26.7,,
1994,265,9/22/23,33.3,,
1994,266,9/23/23,35.6,,
1994,267,9/24/23,36.1,,
1994,268,9/25/23,35.6,,
1994,269,9/26/23,37.2,,
1994,270,9/27/23,38.3,,
1994,271,9/28/23,39.4,,
1994,272,9/29/23,36.7,,
1994,273,9/30/23,32.2,,
1995,182,7/1/23,40,,
1995,183,7/2/23,39.4,,
1995,184,7/3/23,36.7,,
1995,185,7/4/23,39.4,,
1995,186,7/5/23,40,,
1995,187,7/6/23,42.2,,
1995,188,7/7/23,44.4,,
1995,189,7/8/23,43.3,,
1995,190,7/9/23,43.9,,
1995,191,7/10/23,42.2,,
1995,192,7/11/23,40,,
1995,193,7/12/23,38.9,,
1995,194,7/13/23,37.8,,
1995,195,7/14/23,40,,
1995,196,7/15/23,37.8,,
1995,197,7/16/23,33.3,,
1995,198,7/17/23,38.9,,
1995,199,7/18/23,36.7,,
1995,200,7/19/23,40,,
1995,201,7/20/23,41.1,,
1995,202,7/21/23,41.1,,
1995,203,7/22/23,40,,
1995,204,7/23/23,40,,
1995,205,7/24/23,41.7,,
1995,206,7/25/23,43.3,,
1995,207,7/26/23,46.1,,
1995,208,7/27/23,47.2,,
1995,209,7/28/23,48.9,,
1995,210,7/29/23,45.6,,
1995,211,7/30/23,44.4,,
1995,212,7/31/23,43.3,,
1995,213,8/1/23,45,,
1995,214,8/2/23,43.3,,
1995,215,8/3/23,45,,
1995,216,8/4/23,45,,
1995,217,8/5/23,44.4,,
1995,218,8/6/23,45,,
1995,219,8/7/23,43.3,,
1995,220,8/8/23,43.9,,
1995,221,8/9/23,44.4,,
1995,222,8/10/23,43.3,,
1995,223,8/11/23,41.1,,
1995,224,8/12/23,38.3,,
1995,225,8/13/23,42.2,,
1995,226,8/14/23,39.4,,
1995,227,8/15/23,33.9,,
1995,228,8/16/23,35.6,,
1995,229,8/17/23,37.8,,
1995,230,8/18/23,38.9,,
1995,231,8/19/23,36.7,,
1995,232,8/20/23,37.8,,
1995,233,8/21/23,37.8,,
1995,234,8/22/23,41.1,,
1995,235,8/23/23,40.6,,
1995,236,8/24/23,33.9,,
1995,237,8/25/23,37.8,,
1995,238,8/26/23,38.9,,
1995,239,8/27/23,40.6,,
1995,240,8/28/23,41.7,,
1995,241,8/29/23,41.7,,
1995,242,8/30/23,41.1,,
1995,243,8/31/23,43.3,,
1995,244,9/1/23,42.2,,
1995,245,9/2/23,42.2,,
1995,246,9/3/23,41.1,,
1995,247,9/4/23,42.2,,
1995,248,9/5/23,38.9,,
1995,249,9/6/23,40.6,,
1995,250,9/7/23,36.7,,
1995,251,9/8/23,38.3,,
1995,252,9/9/23,36.7,,
1995,253,9/10/23,37.2,,
1995,254,9/11/23,38.3,,
1995,255,9/12/23,40.6,,
1995,256,9/13/23,41.1,,
1995,257,9/14/23,39.4,,
1995,258,9/15/23,35.6,,
1995,259,9/16/23,35.6,,
1995,260,9/17/23,36.7,,
1995,261,9/18/23,37.2,,
1995,262,9/19/23,37.8,,
1995,263,9/20/23,38.3,,
1995,264,9/21/23,38.3,,
1995,265,9/22/23,37.2,,
1995,266,9/23/23,36.1,,
1995,267,9/24/23,36.1,,
1995,268,9/25/23,36.1,,
1995,269,9/26/23,37.2,,
1995,270,9/27/23,35.6,,
1995,271,9/28/23,31.1,,
1995,272,9/29/23,30.6,,
1995,273,9/30/23,31.1,,
1996,182,7/1/23,42.8,,
1996,183,7/2/23,42.8,,
1996,184,7/3/23,40.6,,
1996,185,7/4/23,41.7,,
1996,186,7/5/23,43.3,,
1996,187,7/6/23,43.9,,
1996,188,7/7/23,41.7,,
1996,189,7/8/23,41.1,,
1996,190,7/9/23,35,,
1996,191,7/10/23,38.3,,
1996,192,7/11/23,40,,
1996,193,7/12/23,40,,
1996,194,7/13/23,40,,
1996,195,7/14/23,38.3,,
1996,196,7/15/23,33.3,,
1996,197,7/16/23,36.1,,
1996,198,7/17/23,39.4,,
1996,199,7/18/23,40.6,,
1996,200,7/19/23,43.3,,
1996,201,7/20/23,41.7,,
1996,202,7/21/23,42.2,,
1996,203,7/22/23,42.8,,
1996,204,7/23/23,41.7,,
1996,205,7/24/23,42.2,,
1996,206,7/25/23,41.7,,
1996,207,7/26/23,36.1,,
1996,208,7/27/23,40,,
1996,209,7/28/23,40,,
1996,210,7/29/23,42.2,,
1996,211,7/30/23,43.9,,
1996,212,7/31/23,45,,
1996,213,8/1/23,40,,
1996,214,8/2/23,37.2,,
1996,215,8/3/23,39.4,,
1996,216,8/4/23,38.9,,
1996,217,8/5/23,37.8,,
1996,218,8/6/23,38.9,,
1996,219,8/7/23,41.1,,
1996,220,8/8/23,41.1,,
1996,221,8/9/23,37.8,,
1996,222,8/10/23,40.6,,
1996,223,8/11/23,42.8,,
1996,224,8/12/23,43.9,,
1996,225,8/13/23,42.2,,
1996,226,8/14/23,41.1,,
1996,227,8/15/23,40.6,,
1996,228,8/16/23,42.8,,
1996,229,8/17/23,38.9,,
1996,230,8/18/23,38.3,,
1996,231,8/19/23,37.2,,
1996,232,8/20/23,40,,
1996,233,8/21/23,41.1,,
1996,234,8/22/23,40,,
1996,235,8/23/23,41.7,,
1996,236,8/24/23,40.6,,
1996,237,8/25/23,41.1,,
1996,238,8/26/23,38.9,,
1996,239,8/27/23,38.9,,
1996,240,8/28/23,39.4,,
1996,241,8/29/23,39.4,,
1996,242,8/30/23,38.3,,
1996,243,8/31/23,38.3,,
1996,244,9/1/23,38.9,,
1996,245,9/2/23,36.1,,
1996,246,9/3/23,37.8,,
1996,247,9/4/23,31.1,,
1996,248,9/5/23,33.9,,
1996,249,9/6/23,36.7,,
1996,250,9/7/23,36.7,,
1996,251,9/8/23,38.3,,
1996,252,9/9/23,38.3,,
1996,253,9/10/23,33.9,,
1996,254,9/11/23,31.1,,
1996,255,9/12/23,34.4,,
1996,256,9/13/23,35,,
1996,257,9/14/23,31.1,,
1996,258,9/15/23,31.1,,
1996,259,9/16/23,30.6,,
1996,260,9/17/23,31.1,,
1996,261,9/18/23,31.7,,
1996,262,9/19/23,32.8,,
1996,263,9/20/23,33.9,,
1996,264,9/21/23,35,,
1996,265,9/22/23,35.6,,
1996,266,9/23/23,35.6,,
1996,267,9/24/23,28.3,,
1996,268,9/25/23,32.8,,
1996,269,9/26/23,33.9,,
1996,270,9/27/23,33.3,,
1996,271,9/28/23,33.9,,
1996,272,9/29/23,37.8,,
1996,273,9/30/23,36.1,,
1997,182,7/1/23,40,,
1997,183,7/2/23,41.1,,
1997,184,7/3/23,43.9,,
1997,185,7/4/23,43.3,,
1997,186,7/5/23,41.1,,
1997,187,7/6/23,42.2,,
1997,188,7/7/23,41.7,,
1997,189,7/8/23,42.2,,
1997,190,7/9/23,38.9,,
1997,191,7/10/23,39.4,,
1997,192,7/11/23,38.9,,
1997,193,7/12/23,39.4,,
1997,194,7/13/23,40,,
1997,195,7/14/23,43.3,,
1997,196,7/15/23,45,,
1997,197,7/16/23,43.3,,
1997,198,7/17/23,42.8,,
1997,199,7/18/23,41.1,,
1997,200,7/19/23,39.4,,
1997,201,7/20/23,37.8,,
1997,202,7/21/23,33.9,,
1997,203,7/22/23,35.6,,
1997,204,7/23/23,40.6,,
1997,205,7/24/23,42.2,,
1997,206,7/25/23,43.9,,
1997,207,7/26/23,40,,
1997,208,7/27/23,38.3,,
1997,209,7/28/23,39.4,,
1997,210,7/29/23,37.8,,
1997,211,7/30/23,38.9,,
1997,212,7/31/23,41.7,,
1997,213,8/1/23,43.3,,
1997,214,8/2/23,38.9,,
1997,215,8/3/23,34.4,,
1997,216,8/4/23,40.6,,
1997,217,8/5/23,43.3,,
1997,218,8/6/23,38.9,,
1997,219,8/7/23,40,,
1997,220,8/8/23,40.6,,
1997,221,8/9/23,35,,
1997,222,8/10/23,37.2,,
1997,223,8/11/23,38.9,,
1997,224,8/12/23,40,,
1997,225,8/13/23,40.6,,
1997,226,8/14/23,40.6,,
1997,227,8/15/23,37.8,,
1997,228,8/16/23,37.8,,
1997,229,8/17/23,35.6,,
1997,230,8/18/23,37.8,,
1997,231,8/19/23,40,,
1997,232,8/20/23,42.2,,
1997,233,8/21/23,41.7,,
1997,234,8/22/23,42.2,,
1997,235,8/23/23,42.8,,
1997,236,8/24/23,39.4,,
1997,237,8/25/23,41.1,,
1997,238,8/26/23,33.3,,
1997,239,8/27/23,39.4,,
1997,240,8/28/23,38.9,,
1997,241,8/29/23,35,,
1997,242,8/30/23,37.2,,
1997,243,8/31/23,36.7,,
1997,244,9/1/23,35,,
1997,245,9/2/23,35.6,,
1997,246,9/3/23,40,,
1997,247,9/4/23,41.1,,
1997,248,9/5/23,40,,
1997,249,9/6/23,34.4,,
1997,250,9/7/23,38.3,,
1997,251,9/8/23,40.6,,
1997,252,9/9/23,40.6,,
1997,253,9/10/23,39.4,,
1997,254,9/11/23,35,,
1997,255,9/12/23,37.8,,
1997,256,9/13/23,39.4,,
1997,257,9/14/23,37.8,,
1997,258,9/15/23,36.7,,
1997,259,9/16/23,37.8,,
1997,260,9/17/23,39.4,,
1997,261,9/18/23,40.6,,
1997,262,9/19/23,39.4,,
1997,263,9/20/23,38.3,,
1997,264,9/21/23,36.1,,
1997,265,9/22/23,35.6,,
1997,266,9/23/23,37.2,,
1997,267,9/24/23,35,,
1997,268,9/25/23,33.9,,
1997,269,9/26/23,32.2,,
1997,270,9/27/23,35,,
1997,271,9/28/23,37.8,,
1997,272,9/29/23,38.3,,
1997,273,9/30/23,39.4,,
1998,182,7/1/23,42.2,,
1998,183,7/2/23,42.2,,
1998,184,7/3/23,42.2,,
1998,185,7/4/23,39.4,,
1998,186,7/5/23,35,,
1998,187,7/6/23,37.8,,
1998,188,7/7/23,38.3,,
1998,189,7/8/23,37.8,,
1998,190,7/9/23,40.6,,
1998,191,7/10/23,44.4,,
1998,192,7/11/23,45,,
1998,193,7/12/23,42.8,,
1998,194,7/13/23,41.7,,
1998,195,7/14/23,43.9,,
1998,196,7/15/23,46.7,,
1998,197,7/16/23,46.1,,
1998,198,7/17/23,43.3,,
1998,199,7/18/23,42.8,,
1998,200,7/19/23,39.4,,
1998,201,7/20/23,36.1,,
1998,202,7/21/23,35,,
1998,203,7/22/23,31.7,,
1998,204,7/23/23,33.9,,
1998,205,7/24/23,37.8,,
1998,206,7/25/23,40.6,,
1998,207,7/26/23,43.9,,
1998,208,7/27/23,44.4,,
1998,209,7/28/23,42.2,,
1998,210,7/29/23,39.4,,
1998,211,7/30/23,41.1,,
1998,212,7/31/23,40,,
1998,213,8/1/23,39.4,,
1998,214,8/2/23,42.2,,
1998,215,8/3/23,44.4,,
1998,216,8/4/23,44.4,,
1998,217,8/5/23,41.7,,
1998,218,8/6/23,40,,
1998,219,8/7/23,41.1,,
1998,220,8/8/23,39.4,,
1998,221,8/9/23,37.2,,
1998,222,8/10/23,38.9,,
1998,223,8/11/23,40.6,,
1998,224,8/12/23,39.4,,
1998,225,8/13/23,40,,
1998,226,8/14/23,38.3,,
1998,227,8/15/23,40,,
1998,228,8/16/23,38.3,,
1998,229,8/17/23,39.4,,
1998,230,8/18/23,36.7,,
1998,231,8/19/23,38.3,,
1998,232,8/20/23,41.1,,
1998,233,8/21/23,40.6,,
1998,234,8/22/23,42.2,,
1998,235,8/23/23,42.2,,
1998,236,8/24/23,37.8,,
1998,237,8/25/23,37.2,,
1998,238,8/26/23,38.9,,
1998,239,8/27/23,42.2,,
1998,240,8/28/23,45,,
1998,241,8/29/23,42.8,,
1998,242,8/30/23,42.2,,
1998,243,8/31/23,42.2,,
1998,244,9/1/23,41.1,,
1998,245,9/2/23,42.2,,
1998,246,9/3/23,37.8,,
1998,247,9/4/23,29.4,,
1998,248,9/5/23,36.1,,
1998,249,9/6/23,37.2,,
1998,250,9/7/23,40,,
1998,251,9/8/23,39.4,,
1998,252,9/9/23,38.9,,
1998,253,9/10/23,37.2,,
1998,254,9/11/23,35,,
1998,255,9/12/23,38.9,,
1998,256,9/13/23,38.9,,
1998,257,9/14/23,39.4,,
1998,258,9/15/23,40.6,,
1998,259,9/16/23,39.4,,
1998,260,9/17/23,40.6,,
1998,261,9/18/23,40,,
1998,262,9/19/23,39.4,,
1998,263,9/20/23,36.7,,
1998,264,9/21/23,35,,
1998,265,9/22/23,34.4,,
1998,266,9/23/23,33.9,,
1998,267,9/24/23,32.8,,
1998,268,9/25/23,31.1,,
1998,269,9/26/23,33.9,,
1998,270,9/27/23,33.9,,
1998,271,9/28/23,35.6,,
1998,272,9/29/23,35.6,,
1998,273,9/30/23,32.8,,
1999,182,7/1/23,43.3,,
1999,183,7/2/23,40.6,,
1999,184,7/3/23,41.1,,
1999,185,7/4/23,41.1,,
1999,186,7/5/23,42.8,,
1999,187,7/6/23,40.6,,
1999,188,7/7/23,37.2,,
1999,189,7/8/23,35,,
1999,190,7/9/23,37.8,,
1999,191,7/10/23,40,,
1999,192,7/11/23,37.2,,
1999,193,7/12/23,39.4,,
1999,194,7/13/23,39.4,,
1999,195,7/14/23,35,,
1999,196,7/15/23,34.4,,
1999,197,7/16/23,37.2,,
1999,198,7/17/23,37.8,,
1999,199,7/18/23,35.6,,
1999,200,7/19/23,37.8,,
1999,201,7/20/23,40,,
1999,202,7/21/23,39.4,,
1999,203,7/22/23,39.4,,
1999,204,7/23/23,38.3,,
1999,205,7/24/23,37.2,,
1999,206,7/25/23,38.3,,
1999,207,7/26/23,39.4,,
1999,208,7/27/23,36.1,,
1999,209,7/28/23,32.8,,
1999,210,7/29/23,31.1,,
1999,211,7/30/23,35.6,,
1999,212,7/31/23,40.6,,
1999,213,8/1/23,41.1,,
1999,214,8/2/23,40.6,,
1999,215,8/3/23,40.6,,
1999,216,8/4/23,40.6,,
1999,217,8/5/23,37.2,,
1999,218,8/6/23,38.3,,
1999,219,8/7/23,38.3,,
1999,220,8/8/23,39.4,,
1999,221,8/9/23,39.4,,
1999,222,8/10/23,37.2,,
1999,223,8/11/23,37.2,,
1999,224,8/12/23,38.9,,
1999,225,8/13/23,40.6,,
1999,226,8/14/23,37.2,,
1999,227,8/15/23,38.9,,
1999,228,8/16/23,39.4,,
1999,229,8/17/23,42.2,,
1999,230,8/18/23,42.8,,
1999,231,8/19/23,40,,
1999,232,8/20/23,38.9,,
1999,233,8/21/23,41.1,,
1999,234,8/22/23,43.9,,
1999,235,8/23/23,40.6,,
1999,236,8/24/23,41.7,,
1999,237,8/25/23,41.1,,
1999,238,8/26/23,40.6,,
1999,239,8/27/23,40.6,,
1999,240,8/28/23,36.7,,
1999,241,8/29/23,37.2,,
1999,242,8/30/23,37.2,,
1999,243,8/31/23,35.6,,
1999,244,9/1/23,35,,
1999,245,9/2/23,36.1,,
1999,246,9/3/23,35.6,,
1999,247,9/4/23,37.8,,
1999,248,9/5/23,40,,
1999,249,9/6/23,40.6,,
1999,250,9/7/23,40.6,,
1999,251,9/8/23,40,,
1999,252,9/9/23,33.9,,
1999,253,9/10/23,37.8,,
1999,254,9/11/23,37.2,,
1999,255,9/12/23,38.3,,
1999,256,9/13/23,41.1,,
1999,257,9/14/23,39.4,,
1999,258,9/15/23,33.9,,
1999,259,9/16/23,36.1,,
1999,260,9/17/23,36.1,,
1999,261,9/18/23,37.2,,
1999,262,9/19/23,33.3,,
1999,263,9/20/23,34.4,,
1999,264,9/21/23,34.4,,
1999,265,9/22/23,37.2,,
1999,266,9/23/23,32.2,,
1999,267,9/24/23,34.4,,
1999,268,9/25/23,35,,
1999,269,9/26/23,36.7,,
1999,270,9/27/23,37.2,,
1999,271,9/28/23,37.2,,
1999,272,9/29/23,35.6,,
1999,273,9/30/23,36.1,,
2000,182,7/1/23,39.4,,
2000,183,7/2/23,40,,
2000,184,7/3/23,40,,
2000,185,7/4/23,38.9,,
2000,186,7/5/23,40,,
2000,187,7/6/23,38.9,,
2000,188,7/7/23,37.2,,
2000,189,7/8/23,36.7,,
2000,190,7/9/23,38.9,,
2000,191,7/10/23,38.3,,
2000,192,7/11/23,40.6,,
2000,193,7/12/23,41.1,,
2000,194,7/13/23,38.9,,
2000,195,7/14/23,40,,
2000,196,7/15/23,41.1,,
2000,197,7/16/23,41.1,,
2000,198,7/17/23,42.2,,
2000,199,7/18/23,44.4,,
2000,200,7/19/23,44.4,,
2000,201,7/20/23,43.3,,
2000,202,7/21/23,41.1,,
2000,203,7/22/23,40.6,,
2000,204,7/23/23,42.2,,
2000,205,7/24/23,43.9,,
2000,206,7/25/23,43.9,,
2000,207,7/26/23,42.8,,
2000,208,7/27/23,42.8,,
2000,209,7/28/23,43.9,,
2000,210,7/29/23,40.6,,
2000,211,7/30/23,41.7,,
2000,212,7/31/23,40.6,,
2000,213,8/1/23,42.2,,
2000,214,8/2/23,41.1,,
2000,215,8/3/23,42.2,,
2000,216,8/4/23,43.3,,
2000,217,8/5/23,43.9,,
2000,218,8/6/23,38.9,,
2000,219,8/7/23,38.3,,
2000,220,8/8/23,36.1,,
2000,221,8/9/23,40,,
2000,222,8/10/23,40.6,,
2000,223,8/11/23,37.8,,
2000,224,8/12/23,,,
2000,225,8/13/23,,,
2000,226,8/14/23,,,
2000,227,8/15/23,,,
2000,228,8/16/23,,,
2000,229,8/17/23,,,
2000,230,8/18/23,,,
2000,231,8/19/23,,,
2000,232,8/20/23,,,
2000,233,8/21/23,,,
2000,234,8/22/23,32.2,,
2000,235,8/23/23,,,
2000,236,8/24/23,,,
2000,237,8/25/23,,,
2000,238,8/26/23,,,
2000,239,8/27/23,30.6,,
2000,240,8/28/23,,,
2000,241,8/29/23,,,
2000,242,8/30/23,,,
2000,243,8/31/23,,,
2000,244,9/1/23,33.3,,
2000,245,9/2/23,35.6,,
2000,246,9/3/23,37.8,,
2000,247,9/4/23,39.4,,
2000,248,9/5/23,38.9,,
2000,249,9/6/23,38.9,,
2000,250,9/7/23,41.1,,
2000,251,9/8/23,32.8,,
2000,252,9/9/23,38.9,,
2000,253,9/10/23,37.8,,
2000,254,9/11/23,38.3,,
2000,255,9/12/23,40.6,,
2000,256,9/13/23,42.8,,
2000,257,9/14/23,43.9,,
2000,258,9/15/23,43.3,,
2000,259,9/16/23,41.1,,
2000,260,9/17/23,40.6,,
2000,261,9/18/23,38.3,,
2000,262,9/19/23,38.9,,
2000,263,9/20/23,37.2,,
2000,264,9/21/23,37.8,,
2000,265,9/22/23,35.6,,
2000,266,9/23/23,30,,
2000,267,9/24/23,32.2,,
2000,268,9/25/23,37.2,,
2000,269,9/26/23,37.8,,
2000,270,9/27/23,37.2,,
2000,271,9/28/23,39.4,,
2000,272,9/29/23,37.8,,
2000,273,9/30/23,38.9,,
2001,182,7/1/23,44.4,,
2001,183,7/2/23,46.1,,
2001,184,7/3/23,45,,
2001,185,7/4/23,41.7,,
2001,186,7/5/23,36.7,,
2001,187,7/6/23,31.1,,
2001,188,7/7/23,37.2,,
2001,189,7/8/23,35,,
2001,190,7/9/23,36.7,,
2001,191,7/10/23,37.2,,
2001,192,7/11/23,38.9,,
2001,193,7/12/23,39.4,,
2001,194,7/13/23,41.1,,
2001,195,7/14/23,42.8,,
2001,196,7/15/23,40.6,,
2001,197,7/16/23,40,,
2001,198,7/17/23,37.8,,
2001,199,7/18/23,39.4,,
2001,200,7/19/23,40.6,,
2001,201,7/20/23,40.6,,
2001,202,7/21/23,40.6,,
2001,203,7/22/23,41.7,,
2001,204,7/23/23,42.2,,
2001,205,7/24/23,43.9,,
2001,206,7/25/23,37.8,,
2001,207,7/26/23,40,,
2001,208,7/27/23,42.2,,
2001,209,7/28/23,42.2,,
2001,210,7/29/23,38.3,,
2001,211,7/30/23,36.1,,
2001,212,7/31/23,38.9,,
2001,213,8/1/23,38.3,,
2001,214,8/2/23,33.9,,
2001,215,8/3/23,42.2,,
2001,216,8/4/23,41.1,,
2001,217,8/5/23,40,,
2001,218,8/6/23,43.9,,
2001,219,8/7/23,42.2,,
2001,220,8/8/23,35.6,,
2001,221,8/9/23,34.4,,
2001,222,8/10/23,36.7,,
2001,223,8/11/23,40,,
2001,224,8/12/23,39.4,,
2001,225,8/13/23,37.8,,
2001,226,8/14/23,38.9,,
2001,227,8/15/23,40.6,,
2001,228,8/16/23,41.7,,
2001,229,8/17/23,40.6,,
2001,230,8/18/23,38.3,,
2001,231,8/19/23,40,,
2001,232,8/20/23,40.6,,
2001,233,8/21/23,41.1,,
2001,234,8/22/23,39.4,,
2001,235,8/23/23,40.6,,
2001,236,8/24/23,42.2,,
2001,237,8/25/23,43.9,,
2001,238,8/26/23,44.4,,
2001,239,8/27/23,43.3,,
2001,240,8/28/23,42.8,,
2001,241,8/29/23,38.9,,
2001,242,8/30/23,37.2,,
2001,243,8/31/23,38.3,,
2001,244,9/1/23,39.4,,
2001,245,9/2/23,38.3,,
2001,246,9/3/23,33.9,,
2001,247,9/4/23,42.2,,
2001,248,9/5/23,40.6,,
2001,249,9/6/23,40,,
2001,250,9/7/23,38.3,,
2001,251,9/8/23,37.8,,
2001,252,9/9/23,40,,
2001,253,9/10/23,41.7,,
2001,254,9/11/23,41.7,,
2001,255,9/12/23,42.2,,
2001,256,9/13/23,36.7,,
2001,257,9/14/23,35.6,,
2001,258,9/15/23,37.8,,
2001,259,9/16/23,38.3,,
2001,260,9/17/23,37.2,,
2001,261,9/18/23,38.3,,
2001,262,9/19/23,38.9,,
2001,263,9/20/23,39.4,,
2001,264,9/21/23,40.6,,
2001,265,9/22/23,40.6,,
2001,266,9/23/23,41.7,,
2001,267,9/24/23,40,,
2001,268,9/25/23,38.9,,
2001,269,9/26/23,40,,
2001,270,9/27/23,40.6,,
2001,271,9/28/23,41.1,,
2001,272,9/29/23,41.1,,
2001,273,9/30/23,40,,
2002,182,7/1/23,44.4,,
2002,183,7/2/23,44.4,,
2002,184,7/3/23,41.7,,
2002,185,7/4/23,41.1,,
2002,186,7/5/23,41.1,,
2002,187,7/6/23,42.2,,
2002,188,7/7/23,42.8,,
2002,189,7/8/23,43.9,,
2002,190,7/9/23,43.9,,
2002,191,7/10/23,42.2,,
2002,192,7/11/23,43.9,,
2002,193,7/12/23,42.8,,
2002,194,7/13/23,43.9,,
2002,195,7/14/23,42.2,,
2002,196,7/15/23,37.2,,
2002,197,7/16/23,38.9,,
2002,198,7/17/23,39.4,,
2002,199,7/18/23,38.9,,
2002,200,7/19/23,41.1,,
2002,201,7/20/23,40.6,,
2002,202,7/21/23,40.6,,
2002,203,7/22/23,40.6,,
2002,204,7/23/23,40.6,,
2002,205,7/24/23,40,,
2002,206,7/25/23,40.6,,
2002,207,7/26/23,40.6,,
2002,208,7/27/23,38.3,,
2002,209,7/28/23,40,,
2002,210,7/29/23,42.8,,
2002,211,7/30/23,38.9,,
2002,212,7/31/23,38.9,,
2002,213,8/1/23,40.6,,
2002,214,8/2/23,39.4,,
2002,215,8/3/23,40.6,,
2002,216,8/4/23,33.3,,
2002,217,8/5/23,37.2,,
2002,218,8/6/23,36.7,,
2002,219,8/7/23,39.4,,
2002,220,8/8/23,42.2,,
2002,221,8/9/23,43.3,,
2002,222,8/10/23,44.4,,
2002,223,8/11/23,42.2,,
2002,224,8/12/23,41.7,,
2002,225,8/13/23,42.2,,
2002,226,8/14/23,42.8,,
2002,227,8/15/23,42.8,,
2002,228,8/16/23,41.7,,
2002,229,8/17/23,41.1,,
2002,230,8/18/23,41.1,,
2002,231,8/19/23,34.4,,
2002,232,8/20/23,39.4,,
2002,233,8/21/23,40,,
2002,234,8/22/23,40,,
2002,235,8/23/23,39.4,,
2002,236,8/24/23,41.7,,
2002,237,8/25/23,41.7,,
2002,238,8/26/23,42.8,,
2002,239,8/27/23,43.9,,
2002,240,8/28/23,42.2,,
2002,241,8/29/23,39.4,,
2002,242,8/30/23,41.7,,
2002,243,8/31/23,43.3,,
2002,244,9/1/23,42.8,,
2002,245,9/2/23,42.2,,
2002,246,9/3/23,42.8,,
2002,247,9/4/23,42.8,,
2002,248,9/5/23,41.7,,
2002,249,9/6/23,39.4,,
2002,250,9/7/23,33.3,,
2002,251,9/8/23,28.9,,
2002,252,9/9/23,28.9,,
2002,253,9/10/23,35,,
2002,254,9/11/23,35.6,,
2002,255,9/12/23,37.2,,
2002,256,9/13/23,38.3,,
2002,257,9/14/23,40,,
2002,258,9/15/23,38.9,,
2002,259,9/16/23,41.1,,
2002,260,9/17/23,39.4,,
2002,261,9/18/23,35,,
2002,262,9/19/23,34.4,,
2002,263,9/20/23,36.7,,
2002,264,9/21/23,38.3,,
2002,265,9/22/23,41.1,,
2002,266,9/23/23,41.1,,
2002,267,9/24/23,41.7,,
2002,268,9/25/23,40.6,,
2002,269,9/26/23,40.6,,
2002,270,9/27/23,37.2,,
2002,271,9/28/23,33.3,,
2002,272,9/29/23,34.4,,
2002,273,9/30/23,32.2,,
2003,182,7/1/23,41.7,,
2003,183,7/2/23,42.2,,
2003,184,7/3/23,43.3,,
2003,185,7/4/23,45,,
2003,186,7/5/23,43.9,,
2003,187,7/6/23,42.8,,
2003,188,7/7/23,42.8,,
2003,189,7/8/23,42.8,,
2003,190,7/9/23,45,,
2003,191,7/10/23,42.8,,
2003,192,7/11/23,41.7,,
2003,193,7/12/23,43.9,,
2003,194,7/13/23,45.6,,
2003,195,7/14/23,46.7,,
2003,196,7/15/23,45.6,,
2003,197,7/16/23,46.7,,
2003,198,7/17/23,40,,
2003,199,7/18/23,39.4,,
2003,200,7/19/23,41.7,,
2003,201,7/20/23,43.9,,
2003,202,7/21/23,43.3,,
2003,203,7/22/23,42.2,,
2003,204,7/23/23,43.3,,
2003,205,7/24/23,41.1,,
2003,206,7/25/23,41.1,,
2003,207,7/26/23,41.7,,
2003,208,7/27/23,41.7,,
2003,209,7/28/23,35.6,,
2003,210,7/29/23,37.8,,
2003,211,7/30/23,35.6,,
2003,212,7/31/23,38.9,,
2003,213,8/1/23,34.4,,
2003,214,8/2/23,37.8,,
2003,215,8/3/23,40.6,,
2003,216,8/4/23,41.7,,
2003,217,8/5/23,43.3,,
2003,218,8/6/23,41.7,,
2003,219,8/7/23,42.2,,
2003,220,8/8/23,41.7,,
2003,221,8/9/23,43.9,,
2003,222,8/10/23,46.1,,
2003,223,8/11/23,43.9,,
2003,224,8/12/23,42.8,,
2003,225,8/13/23,43.9,,
2003,226,8/14/23,39.4,,
2003,227,8/15/23,34.4,,
2003,228,8/16/23,36.7,,
2003,229,8/17/23,40.6,,
2003,230,8/18/23,42.8,,
2003,231,8/19/23,31.7,,
2003,232,8/20/23,37.2,,
2003,233,8/21/23,38.9,,
2003,234,8/22/23,40,,
2003,235,8/23/23,41.7,,
2003,236,8/24/23,38.9,,
2003,237,8/25/23,40,,
2003,238,8/26/23,36.1,,
2003,239,8/27/23,32.8,,
2003,240,8/28/23,36.7,,
2003,241,8/29/23,38.9,,
2003,242,8/30/23,40,,
2003,243,8/31/23,41.7,,
2003,244,9/1/23,41.1,,
2003,245,9/2/23,41.7,,
2003,246,9/3/23,43.3,,
2003,247,9/4/23,39.4,,
2003,248,9/5/23,37.8,,
2003,249,9/6/23,37.8,,
2003,250,9/7/23,38.3,,
2003,251,9/8/23,38.9,,
2003,252,9/9/23,35.6,,
2003,253,9/10/23,35.6,,
2003,254,9/11/23,35.6,,
2003,255,9/12/23,38.3,,
2003,256,9/13/23,40,,
2003,257,9/14/23,40,,
2003,258,9/15/23,40.6,,
2003,259,9/16/23,40.6,,
2003,260,9/17/23,38.9,,
2003,261,9/18/23,38.3,,
2003,262,9/19/23,39.4,,
2003,263,9/20/23,38.9,,
2003,264,9/21/23,41.1,,
2003,265,9/22/23,41.7,,
2003,266,9/23/23,36.1,,
2003,267,9/24/23,26.1,,
2003,268,9/25/23,33.9,,
2003,269,9/26/23,36.7,,
2003,270,9/27/23,38.3,,
2003,271,9/28/23,40,,
2003,272,9/29/23,40.6,,
2003,273,9/30/23,40.6,,
2004,182,7/1/23,38.3,,
2004,183,7/2/23,40,,
2004,184,7/3/23,39.4,,
2004,185,7/4/23,38.9,,
2004,186,7/5/23,41.7,,
2004,187,7/6/23,41.7,,
2004,188,7/7/23,40.6,,
2004,189,7/8/23,41.1,,
2004,190,7/9/23,37.2,,
2004,191,7/10/23,42.2,,
2004,192,7/11/23,43.3,,
2004,193,7/12/23,43.9,,
2004,194,7/13/23,40.6,,
2004,195,7/14/23,35.6,,
2004,196,7/15/23,38.3,,
2004,197,7/16/23,40.6,,
2004,198,7/17/23,40.6,,
2004,199,7/18/23,42.8,,
2004,200,7/19/23,42.8,,
2004,201,7/20/23,42.8,,
2004,202,7/21/23,43.3,,
2004,203,7/22/23,42.8,,
2004,204,7/23/23,37.8,,
2004,205,7/24/23,40,,
2004,206,7/25/23,41.1,,
2004,207,7/26/23,38.3,,
2004,208,7/27/23,39.4,,
2004,209,7/28/23,40,,
2004,210,7/29/23,40,,
2004,211,7/30/23,41.7,,
2004,212,7/31/23,42.2,,
2004,213,8/1/23,42.2,,
2004,214,8/2/23,39.4,,
2004,215,8/3/23,41.1,,
2004,216,8/4/23,41.1,,
2004,217,8/5/23,37.2,,
2004,218,8/6/23,36.1,,
2004,219,8/7/23,41.7,,
2004,220,8/8/23,43.9,,
2004,221,8/9/23,42.8,,
2004,222,8/10/23,43.3,,
2004,223,8/11/23,43.3,,
2004,224,8/12/23,39.4,,
2004,225,8/13/23,40,,
2004,226,8/14/23,31.7,,
2004,227,8/15/23,37.8,,
2004,228,8/16/23,37.8,,
2004,229,8/17/23,38.3,,
2004,230,8/18/23,39.4,,
2004,231,8/19/23,35.6,,
2004,232,8/20/23,38.3,,
2004,233,8/21/23,38.3,,
2004,234,8/22/23,38.3,,
2004,235,8/23/23,38.9,,
2004,236,8/24/23,35.6,,
2004,237,8/25/23,37.8,,
2004,238,8/26/23,38.3,,
2004,239,8/27/23,39.4,,
2004,240,8/28/23,39.4,,
2004,241,8/29/23,40,,
2004,242,8/30/23,41.1,,
2004,243,8/31/23,43.3,,
2004,244,9/1/23,40.6,,
2004,245,9/2/23,41.7,,
2004,246,9/3/23,40,,
2004,247,9/4/23,33.9,,
2004,248,9/5/23,34.4,,
2004,249,9/6/23,37.8,,
2004,250,9/7/23,40.6,,
2004,251,9/8/23,40.6,,
2004,252,9/9/23,40.6,,
2004,253,9/10/23,40.6,,
2004,254,9/11/23,41.7,,
2004,255,9/12/23,41.7,,
2004,256,9/13/23,41.7,,
2004,257,9/14/23,38.3,,
2004,258,9/15/23,37.2,,
2004,259,9/16/23,38.9,,
2004,260,9/17/23,38.3,,
2004,261,9/18/23,37.2,,
2004,262,9/19/23,32.8,,
2004,263,9/20/23,30.6,,
2004,264,9/21/23,30,,
2004,265,9/22/23,31.1,,
2004,266,9/23/23,33.9,,
2004,267,9/24/23,36.7,,
2004,268,9/25/23,36.7,,
2004,269,9/26/23,33.9,,
2004,270,9/27/23,36.1,,
2004,271,9/28/23,37.8,,
2004,272,9/29/23,34.4,,
2004,273,9/30/23,30.6,,
2005,182,7/1/23,43.3,,
2005,183,7/2/23,42.2,,
2005,184,7/3/23,41.7,,
2005,185,7/4/23,42.2,,
2005,186,7/5/23,43.9,,
2005,187,7/6/23,42.8,,
2005,188,7/7/23,42.2,,
2005,189,7/8/23,42.8,,
2005,190,7/9/23,42.2,,
2005,191,7/10/23,41.7,,
2005,192,7/11/23,43.3,,
2005,193,7/12/23,46.1,,
2005,194,7/13/23,45.6,,
2005,195,7/14/23,42.8,,
2005,196,7/15/23,43.9,,
2005,197,7/16/23,44.4,,
2005,198,7/17/23,46.1,,
2005,199,7/18/23,43.9,,
2005,200,7/19/23,43.9,,
2005,201,7/20/23,42.2,,
2005,202,7/21/23,43.9,,
2005,203,7/22/23,42.2,,
2005,204,7/23/23,37.8,,
2005,205,7/24/23,38.3,,
2005,206,7/25/23,39.4,,
2005,207,7/26/23,41.7,,
2005,208,7/27/23,42.2,,
2005,209,7/28/23,41.7,,
2005,210,7/29/23,41.7,,
2005,211,7/30/23,40,,
2005,212,7/31/23,38.3,,
2005,213,8/1/23,38.9,,
2005,214,8/2/23,40,,
2005,215,8/3/23,33.3,,
2005,216,8/4/23,37.8,,
2005,217,8/5/23,40.6,,
2005,218,8/6/23,39.4,,
2005,219,8/7/23,38.9,,
2005,220,8/8/23,31.7,,
2005,221,8/9/23,35.6,,
2005,222,8/10/23,33.9,,
2005,223,8/11/23,36.1,,
2005,224,8/12/23,37.8,,
2005,225,8/13/23,37.2,,
2005,226,8/14/23,31.1,,
2005,227,8/15/23,36.7,,
2005,228,8/16/23,37.8,,
2005,229,8/17/23,38.3,,
2005,230,8/18/23,38.9,,
2005,231,8/19/23,38.3,,
2005,232,8/20/23,40.6,,
2005,233,8/21/23,41.7,,
2005,234,8/22/23,42.8,,
2005,235,8/23/23,36.1,,
2005,236,8/24/23,37.2,,
2005,237,8/25/23,41.1,,
2005,238,8/26/23,41.7,,
2005,239,8/27/23,43.3,,
2005,240,8/28/23,43.9,,
2005,241,8/29/23,43.9,,
2005,242,8/30/23,42.8,,
2005,243,8/31/23,40.6,,
2005,244,9/1/23,41.7,,
2005,245,9/2/23,39.4,,
2005,246,9/3/23,38.3,,
2005,247,9/4/23,38.3,,
2005,248,9/5/23,40,,
2005,249,9/6/23,40,,
2005,250,9/7/23,40.6,,
2005,251,9/8/23,35,,
2005,252,9/9/23,39.4,,
2005,253,9/10/23,36.1,,
2005,254,9/11/23,37.2,,
2005,255,9/12/23,35,,
2005,256,9/13/23,34.4,,
2005,257,9/14/23,33.3,,
2005,258,9/15/23,36.7,,
2005,259,9/16/23,36.1,,
2005,260,9/17/23,35.6,,
2005,261,9/18/23,36.7,,
2005,262,9/19/23,38.9,,
2005,263,9/20/23,40,,
2005,264,9/21/23,39.4,,
2005,265,9/22/23,38.9,,
2005,266,9/23/23,38.9,,
2005,267,9/24/23,37.2,,
2005,268,9/25/23,37.8,,
2005,269,9/26/23,38.9,,
2005,270,9/27/23,37.8,,
2005,271,9/28/23,36.1,,
2005,272,9/29/23,35.6,,
2005,273,9/30/23,36.1,,
2006,182,7/1/23,42.8,,
2006,183,7/2/23,38.9,,
2006,184,7/3/23,41.1,,
2006,185,7/4/23,41.1,,
2006,186,7/5/23,35,,
2006,187,7/6/23,38.9,,
2006,188,7/7/23,37.2,,
2006,189,7/8/23,39.4,,
2006,190,7/9/23,42.8,,
2006,191,7/10/23,41.7,,
2006,192,7/11/23,42.8,,
2006,193,7/12/23,42.8,,
2006,194,7/13/23,44.4,,
2006,195,7/14/23,45,,
2006,196,7/15/23,44.4,,
2006,197,7/16/23,42.2,,
2006,198,7/17/23,40.6,,
2006,199,7/18/23,43.9,,
2006,200,7/19/23,42.8,,
2006,201,7/20/23,42.2,,
2006,202,7/21/23,47.2,,
2006,203,7/22/23,45.6,,
2006,204,7/23/23,44.4,,
2006,205,7/24/23,45,,
2006,206,7/25/23,42.2,,
2006,207,7/26/23,36.7,,
2006,208,7/27/23,34.4,,
2006,209,7/28/23,35,,
2006,210,7/29/23,36.1,,
2006,211,7/30/23,33.9,,
2006,212,7/31/23,36.7,,
2006,213,8/1/23,37.2,,
2006,214,8/2/23,37.8,,
2006,215,8/3/23,38.9,,
2006,216,8/4/23,36.1,,
2006,217,8/5/23,38.9,,
2006,218,8/6/23,41.1,,
2006,219,8/7/23,42.2,,
2006,220,8/8/23,41.7,,
2006,221,8/9/23,38.3,,
2006,222,8/10/23,40,,
2006,223,8/11/23,38.9,,
2006,224,8/12/23,36.1,,
2006,225,8/13/23,38.3,,
2006,226,8/14/23,38.3,,
2006,227,8/15/23,35.6,,
2006,228,8/16/23,37.8,,
2006,229,8/17/23,37.8,,
2006,230,8/18/23,40,,
2006,231,8/19/23,41.1,,
2006,232,8/20/23,40,,
2006,233,8/21/23,41.7,,
2006,234,8/22/23,35.6,,
2006,235,8/23/23,39.4,,
2006,236,8/24/23,33.3,,
2006,237,8/25/23,36.1,,
2006,238,8/26/23,39.4,,
2006,239,8/27/23,40,,
2006,240,8/28/23,41.1,,
2006,241,8/29/23,40,,
2006,242,8/30/23,39.4,,
2006,243,8/31/23,40,,
2006,244,9/1/23,41.7,,
2006,245,9/2/23,38.9,,
2006,246,9/3/23,34.4,,
2006,247,9/4/23,35.6,,
2006,248,9/5/23,36.7,,
2006,249,9/6/23,36.1,,
2006,250,9/7/23,32.2,,
2006,251,9/8/23,33.9,,
2006,252,9/9/23,30.6,,
2006,253,9/10/23,35,,
2006,254,9/11/23,37.2,,
2006,255,9/12/23,36.7,,
2006,256,9/13/23,35,,
2006,257,9/14/23,37.2,,
2006,258,9/15/23,34.4,,
2006,259,9/16/23,32.2,,
2006,260,9/17/23,32.8,,
2006,261,9/18/23,33.9,,
2006,262,9/19/23,36.1,,
2006,263,9/20/23,33.9,,
2006,264,9/21/23,31.7,,
2006,265,9/22/23,32.8,,
2006,266,9/23/23,30.6,,
2006,267,9/24/23,34.4,,
2006,268,9/25/23,36.7,,
2006,269,9/26/23,37.8,,
2006,270,9/27/23,37.8,,
2006,271,9/28/23,38.3,,
2006,272,9/29/23,37.2,,
2006,273,9/30/23,37.2,,
2007,182,7/1/23,45,,
2007,183,7/2/23,43.9,,
2007,184,7/3/23,44.4,,
2007,185,7/4/23,45.6,,
2007,186,7/5/23,45.6,,
2007,187,7/6/23,44.4,,
2007,188,7/7/23,43.9,,
2007,189,7/8/23,41.1,,
2007,190,7/9/23,41.1,,
2007,191,7/10/23,38.3,,
2007,192,7/11/23,42.2,,
2007,193,7/12/23,43.3,,
2007,194,7/13/23,41.1,,
2007,195,7/14/23,41.1,,
2007,196,7/15/23,42.2,,
2007,197,7/16/23,44.4,,
2007,198,7/17/23,43.9,,
2007,199,7/18/23,45,,
2007,200,7/19/23,42.8,,
2007,201,7/20/23,39.4,,
2007,202,7/21/23,38.3,,
2007,203,7/22/23,37.8,,
2007,204,7/23/23,40,,
2007,205,7/24/23,35,,
2007,206,7/25/23,35,,
2007,207,7/26/23,36.1,,
2007,208,7/27/23,37.2,,
2007,209,7/28/23,38.3,,
2007,210,7/29/23,37.8,,
2007,211,7/30/23,40,,
2007,212,7/31/23,37.8,,
2007,213,8/1/23,35.6,,
2007,214,8/2/23,38.3,,
2007,215,8/3/23,40.6,,
2007,216,8/4/23,39.4,,
2007,217,8/5/23,35,,
2007,218,8/6/23,31.7,,
2007,219,8/7/23,37.2,,
2007,220,8/8/23,39.4,,
2007,221,8/9/23,41.7,,
2007,222,8/10/23,40,,
2007,223,8/11/23,42.2,,
2007,224,8/12/23,44.4,,
2007,225,8/13/23,43.9,,
2007,226,8/14/23,41.1,,
2007,227,8/15/23,41.1,,
2007,228,8/16/23,43.3,,
2007,229,8/17/23,42.2,,
2007,230,8/18/23,43.3,,
2007,231,8/19/23,41.1,,
2007,232,8/20/23,41.1,,
2007,233,8/21/23,42.2,,
2007,234,8/22/23,42.2,,
2007,235,8/23/23,41.7,,
2007,236,8/24/23,42.2,,
2007,237,8/25/23,33.9,,
2007,238,8/26/23,38.9,,
2007,239,8/27/23,41.7,,
2007,240,8/28/23,42.8,,
2007,241,8/29/23,44.4,,
2007,242,8/30/23,43.3,,
2007,243,8/31/23,43.9,,
2007,244,9/1/23,42.2,,
2007,245,9/2/23,42.8,,
2007,246,9/3/23,42.8,,
2007,247,9/4/23,41.1,,
2007,248,9/5/23,38.3,,
2007,249,9/6/23,37.8,,
2007,250,9/7/23,37.8,,
2007,251,9/8/23,40,,
2007,252,9/9/23,40.6,,
2007,253,9/10/23,40.6,,
2007,254,9/11/23,40.6,,
2007,255,9/12/23,41.1,,
2007,256,9/13/23,41.7,,
2007,257,9/14/23,41.1,,
2007,258,9/15/23,39.4,,
2007,259,9/16/23,38.3,,
2007,260,9/17/23,34.4,,
2007,261,9/18/23,35.6,,
2007,262,9/19/23,36.7,,
2007,263,9/20/23,36.1,,
2007,264,9/21/23,37.8,,
2007,265,9/22/23,33.9,,
2007,266,9/23/23,29.4,,
2007,267,9/24/23,31.1,,
2007,268,9/25/23,33.3,,
2007,269,9/26/23,34.4,,
2007,270,9/27/23,35.6,,
2007,271,9/28/23,36.1,,
2007,272,9/29/23,33.3,,
2007,273,9/30/23,36.7,,
2008,182,7/1/23,43.9,,
2008,183,7/2/23,43.3,,
2008,184,7/3/23,42.2,,
2008,185,7/4/23,41.1,,
2008,186,7/5/23,40,,
2008,187,7/6/23,42.2,,
2008,188,7/7/23,41.7,,
2008,189,7/8/23,42.2,,
2008,190,7/9/23,40,,
2008,191,7/10/23,37.2,,
2008,192,7/11/23,33.9,,
2008,193,7/12/23,37.2,,
2008,194,7/13/23,38.9,,
2008,195,7/14/23,35,,
2008,196,7/15/23,40,,
2008,197,7/16/23,41.7,,
2008,198,7/17/23,42.2,,
2008,199,7/18/23,43.3,,
2008,200,7/19/23,38.9,,
2008,201,7/20/23,35,,
2008,202,7/21/23,39.4,,
2008,203,7/22/23,41.1,,
2008,204,7/23/23,41.7,,
2008,205,7/24/23,43.3,,
2008,206,7/25/23,40.6,,
2008,207,7/26/23,40.6,,
2008,208,7/27/23,38.9,,
2008,209,7/28/23,39.4,,
2008,210,7/29/23,41.1,,
2008,211,7/30/23,41.7,,
2008,212,7/31/23,43.9,,
2008,213,8/1/23,45,,
2008,214,8/2/23,41.7,,
2008,215,8/3/23,38.9,,
2008,216,8/4/23,37.8,,
2008,217,8/5/23,41.1,,
2008,218,8/6/23,40.6,,
2008,219,8/7/23,41.7,,
2008,220,8/8/23,36.7,,
2008,221,8/9/23,38.3,,
2008,222,8/10/23,40,,
2008,223,8/11/23,41.7,,
2008,224,8/12/23,41.7,,
2008,225,8/13/23,40,,
2008,226,8/14/23,38.3,,
2008,227,8/15/23,40,,
2008,228,8/16/23,39.4,,
2008,229,8/17/23,39.4,,
2008,230,8/18/23,40.6,,
2008,231,8/19/23,41.1,,
2008,232,8/20/23,41.1,,
2008,233,8/21/23,41.1,,
2008,234,8/22/23,41.1,,
2008,235,8/23/23,41.1,,
2008,236,8/24/23,41.7,,
2008,237,8/25/23,38.9,,
2008,238,8/26/23,32.8,,
2008,239,8/27/23,35.6,,
2008,240,8/28/23,37.2,,
2008,241,8/29/23,37.8,,
2008,242,8/30/23,35.6,,
2008,243,8/31/23,33.9,,
2008,244,9/1/23,35.6,,
2008,245,9/2/23,38.9,,
2008,246,9/3/23,38.9,,
2008,247,9/4/23,39.4,,
2008,248,9/5/23,41.1,,
2008,249,9/6/23,41.7,,
2008,250,9/7/23,41.1,,
2008,251,9/8/23,38.9,,
2008,252,9/9/23,37.8,,
2008,253,9/10/23,36.1,,
2008,254,9/11/23,35.6,,
2008,255,9/12/23,35,,
2008,256,9/13/23,36.7,,
2008,257,9/14/23,39.4,,
2008,258,9/15/23,36.7,,
2008,259,9/16/23,35.6,,
2008,260,9/17/23,36.1,,
2008,261,9/18/23,36.7,,
2008,262,9/19/23,37.8,,
2008,263,9/20/23,37.2,,
2008,264,9/21/23,37.2,,
2008,265,9/22/23,38.3,,
2008,266,9/23/23,38.3,,
2008,267,9/24/23,40.6,,
2008,268,9/25/23,38.9,,
2008,269,9/26/23,38.3,,
2008,270,9/27/23,37.2,,
2008,271,9/28/23,37.8,,
2008,272,9/29/23,37.2,,
2008,273,9/30/23,37.2,,
2009,182,7/1/23,38.9,,
2009,183,7/2/23,38.9,,
2009,184,7/3/23,41.1,,
2009,185,7/4/23,40,,
2009,186,7/5/23,42.8,,
2009,187,7/6/23,42.2,,
2009,188,7/7/23,41.1,,
2009,189,7/8/23,41.1,,
2009,190,7/9/23,42.2,,
2009,191,7/10/23,43.9,,
2009,192,7/11/23,44.4,,
2009,193,7/12/23,45,,
2009,194,7/13/23,44.4,,
2009,195,7/14/23,44.4,,
2009,196,7/15/23,41.1,,
2009,197,7/16/23,43.3,,
2009,198,7/17/23,45,,
2009,199,7/18/23,45,,
2009,200,7/19/23,45,,
2009,201,7/20/23,43.3,,
2009,202,7/21/23,38.9,,
2009,203,7/22/23,41.1,,
2009,204,7/23/23,40,,
2009,205,7/24/23,37.8,,
2009,206,7/25/23,41.7,,
2009,207,7/26/23,43.3,,
2009,208,7/27/23,45,,
2009,209,7/28/23,45.6,,
2009,210,7/29/23,42.2,,
2009,211,7/30/23,41.1,,
2009,212,7/31/23,42.2,,
2009,213,8/1/23,42.8,,
2009,214,8/2/23,43.9,,
2009,215,8/3/23,44.4,,
2009,216,8/4/23,43.9,,
2009,217,8/5/23,43.3,,
2009,218,8/6/23,42.8,,
2009,219,8/7/23,37.8,,
2009,220,8/8/23,38.3,,
2009,221,8/9/23,39.4,,
2009,222,8/10/23,40.6,,
2009,223,8/11/23,38.9,,
2009,224,8/12/23,42.2,,
2009,225,8/13/23,35,,
2009,226,8/14/23,40,,
2009,227,8/15/23,40.6,,
2009,228,8/16/23,40.6,,
2009,229,8/17/23,42.2,,
2009,230,8/18/23,42.2,,
2009,231,8/19/23,40.6,,
2009,232,8/20/23,42.8,,
2009,233,8/21/23,41.1,,
2009,234,8/22/23,34.4,,
2009,235,8/23/23,38.9,,
2009,236,8/24/23,38.9,,
2009,237,8/25/23,39.4,,
2009,238,8/26/23,41.7,,
2009,239,8/27/23,43.9,,
2009,240,8/28/23,45,,
2009,241,8/29/23,43.9,,
2009,242,8/30/23,42.8,,
2009,243,8/31/23,42.2,,
2009,244,9/1/23,40,,
2009,245,9/2/23,40.6,,
2009,246,9/3/23,40.6,,
2009,247,9/4/23,38.9,,
2009,248,9/5/23,31.7,,
2009,249,9/6/23,37.2,,
2009,250,9/7/23,37.8,,
2009,251,9/8/23,38.9,,
2009,252,9/9/23,38.3,,
2009,253,9/10/23,40,,
2009,254,9/11/23,40.6,,
2009,255,9/12/23,38.9,,
2009,256,9/13/23,38.3,,
2009,257,9/14/23,38.3,,
2009,258,9/15/23,37.2,,
2009,259,9/16/23,36.1,,
2009,260,9/17/23,37.2,,
2009,261,9/18/23,35.6,,
2009,262,9/19/23,37.8,,
2009,263,9/20/23,38.9,,
2009,264,9/21/23,39.4,,
2009,265,9/22/23,36.1,,
2009,266,9/23/23,34.4,,
2009,267,9/24/23,35.6,,
2009,268,9/25/23,38.9,,
2009,269,9/26/23,41.1,,
2009,270,9/27/23,40.6,,
2009,271,9/28/23,40.6,,
2009,272,9/29/23,38.3,,
2009,273,9/30/23,35,,
2010,182,7/1/23,43.9,,
2010,183,7/2/23,44.4,,
2010,184,7/3/23,39.4,,
2010,185,7/4/23,38.3,,
2010,186,7/5/23,38.9,,
2010,187,7/6/23,40.6,,
2010,188,7/7/23,41.1,,
2010,189,7/8/23,44.4,,
2010,190,7/9/23,43.9,,
2010,191,7/10/23,42.2,,
2010,192,7/11/23,41.7,,
2010,193,7/12/23,41.7,,
2010,194,7/13/23,42.8,,
2010,195,7/14/23,43.9,,
2010,196,7/15/23,44.4,,
2010,197,7/16/23,43.9,,
2010,198,7/17/23,42.8,,
2010,199,7/18/23,42.8,,
2010,200,7/19/23,42.8,,
2010,201,7/20/23,42.2,,
2010,202,7/21/23,40.6,,
2010,203,7/22/23,36.7,,
2010,204,7/23/23,32.8,,
2010,205,7/24/23,40.6,,
2010,206,7/25/23,42.2,,
2010,207,7/26/23,41.1,,
2010,208,7/27/23,39.4,,
2010,209,7/28/23,38.9,,
2010,210,7/29/23,38.9,,
2010,211,7/30/23,36.1,,
2010,212,7/31/23,31.1,,
2010,213,8/1/23,30.6,,
2010,214,8/2/23,37.2,,
2010,215,8/3/23,41.1,,
2010,216,8/4/23,42.8,,
2010,217,8/5/23,43.9,,
2010,218,8/6/23,41.7,,
2010,219,8/7/23,36.7,,
2010,220,8/8/23,38.9,,
2010,221,8/9/23,39.4,,
2010,222,8/10/23,41.1,,
2010,223,8/11/23,42.2,,
2010,224,8/12/23,43.3,,
2010,225,8/13/23,43.3,,
2010,226,8/14/23,41.7,,
2010,227,8/15/23,42.2,,
2010,228,8/16/23,40.6,,
2010,229,8/17/23,41.7,,
2010,230,8/18/23,39.4,,
2010,231,8/19/23,41.7,,
2010,232,8/20/23,42.8,,
2010,233,8/21/23,40,,
2010,234,8/22/23,38.9,,
2010,235,8/23/23,42.2,,
2010,236,8/24/23,43.9,,
2010,237,8/25/23,40,,
2010,238,8/26/23,34.4,,
2010,239,8/27/23,33.3,,
2010,240,8/28/23,37.2,,
2010,241,8/29/23,37.8,,
2010,242,8/30/23,36.1,,
2010,243,8/31/23,37.2,,
2010,244,9/1/23,39.4,,
2010,245,9/2/23,42.2,,
2010,246,9/3/23,43.3,,
2010,247,9/4/23,41.7,,
2010,248,9/5/23,41.7,,
2010,249,9/6/23,40,,
2010,250,9/7/23,38.9,,
2010,251,9/8/23,39.4,,
2010,252,9/9/23,34.4,,
2010,253,9/10/23,33.9,,
2010,254,9/11/23,37.2,,
2010,255,9/12/23,36.7,,
2010,256,9/13/23,41.1,,
2010,257,9/14/23,39.4,,
2010,258,9/15/23,39.4,,
2010,259,9/16/23,41.1,,
2010,260,9/17/23,41.1,,
2010,261,9/18/23,42.2,,
2010,262,9/19/23,42.8,,
2010,263,9/20/23,40.6,,
2010,264,9/21/23,38.9,,
2010,265,9/22/23,35,,
2010,266,9/23/23,35,,
2010,267,9/24/23,37.2,,
2010,268,9/25/23,40,,
2010,269,9/26/23,40.6,,
2010,270,9/27/23,40.6,,
2010,271,9/28/23,37.2,,
2010,272,9/29/23,39.4,,
2010,273,9/30/23,40.6,,
2011,182,7/1/23,43.9,,
2011,183,7/2/23,46.1,,
2011,184,7/3/23,43.9,,
2011,185,7/4/23,39.4,,
2011,186,7/5/23,40.6,,
2011,187,7/6/23,38.9,,
2011,188,7/7/23,41.1,,
2011,189,7/8/23,42.8,,
2011,190,7/9/23,42.2,,
2011,191,7/10/23,40.6,,
2011,192,7/11/23,37.2,,
2011,193,7/12/23,38.9,,
2011,194,7/13/23,40,,
2011,195,7/14/23,38.3,,
2011,196,7/15/23,38.9,,
2011,197,7/16/23,40.6,,
2011,198,7/17/23,43.9,,
2011,199,7/18/23,43.9,,
2011,200,7/19/23,41.7,,
2011,201,7/20/23,42.2,,
2011,202,7/21/23,41.7,,
2011,203,7/22/23,40.6,,
2011,204,7/23/23,40.6,,
2011,205,7/24/23,38.3,,
2011,206,7/25/23,36.7,,
2011,207,7/26/23,40.6,,
2011,208,7/27/23,39.4,,
2011,209,7/28/23,41.7,,
2011,210,7/29/23,41.7,,
2011,211,7/30/23,42.8,,
2011,212,7/31/23,41.7,,
2011,213,8/1/23,40.6,,
2011,214,8/2/23,44.4,,
2011,215,8/3/23,43.3,,
2011,216,8/4/23,41.7,,
2011,217,8/5/23,42.8,,
2011,218,8/6/23,41.1,,
2011,219,8/7/23,41.7,,
2011,220,8/8/23,39.4,,
2011,221,8/9/23,40,,
2011,222,8/10/23,40.6,,
2011,223,8/11/23,38.3,,
2011,224,8/12/23,37.2,,
2011,225,8/13/23,39.4,,
2011,226,8/14/23,41.1,,
2011,227,8/15/23,41.7,,
2011,228,8/16/23,41.1,,
2011,229,8/17/23,42.8,,
2011,230,8/18/23,43.9,,
2011,231,8/19/23,41.1,,
2011,232,8/20/23,40.6,,
2011,233,8/21/23,42.2,,
2011,234,8/22/23,43.3,,
2011,235,8/23/23,44.4,,
2011,236,8/24/23,45,,
2011,237,8/25/23,45,,
2011,238,8/26/23,46.1,,
2011,239,8/27/23,43.9,,
2011,240,8/28/23,41.7,,
2011,241,8/29/23,43.9,,
2011,242,8/30/23,43.3,,
2011,243,8/31/23,43.9,,
2011,244,9/1/23,43.9,,
2011,245,9/2/23,38.3,,
2011,246,9/3/23,42.2,,
2011,247,9/4/23,42.8,,
2011,248,9/5/23,40.6,,
2011,249,9/6/23,40.6,,
2011,250,9/7/23,41.1,,
2011,251,9/8/23,41.7,,
2011,252,9/9/23,36.7,,
2011,253,9/10/23,37.8,,
2011,254,9/11/23,37.2,,
2011,255,9/12/23,37.8,,
2011,256,9/13/23,36.1,,
2011,257,9/14/23,34.4,,
2011,258,9/15/23,35,,
2011,259,9/16/23,36.7,,
2011,260,9/17/23,35.6,,
2011,261,9/18/23,37.8,,
2011,262,9/19/23,39.4,,
2011,263,9/20/23,39.4,,
2011,264,9/21/23,40.6,,
2011,265,9/22/23,41.1,,
2011,266,9/23/23,41.7,,
2011,267,9/24/23,40,,
2011,268,9/25/23,38.9,,
2011,269,9/26/23,37.2,,
2011,270,9/27/23,37.8,,
2011,271,9/28/23,36.7,,
2011,272,9/29/23,37.8,,
2011,273,9/30/23,39.4,,
2012,182,7/1/23,42.2,,
2012,183,7/2/23,41.1,,
2012,184,7/3/23,37.2,,
2012,185,7/4/23,32.2,,
2012,186,7/5/23,36.7,,
2012,187,7/6/23,39.4,,
2012,188,7/7/23,42.8,,
2012,189,7/8/23,43.3,,
2012,190,7/9/23,44.4,,
2012,191,7/10/23,43.3,,
2012,192,7/11/23,43.3,,
2012,193,7/12/23,39.4,,
2012,194,7/13/23,34.4,,
2012,195,7/14/23,35,,
2012,196,7/15/23,37.8,,
2012,197,7/16/23,38.3,,
2012,198,7/17/23,38.9,,
2012,199,7/18/23,41.1,,
2012,200,7/19/23,41.7,,
2012,201,7/20/23,42.8,,
2012,202,7/21/23,41.7,,
2012,203,7/22/23,39.4,,
2012,204,7/23/23,40,,
2012,205,7/24/23,39.4,,
2012,206,7/25/23,40,,
2012,207,7/26/23,41.7,,
2012,208,7/27/23,42.8,,
2012,209,7/28/23,37.2,,
2012,210,7/29/23,38.9,,
2012,211,7/30/23,37.2,,
2012,212,7/31/23,38.3,,
2012,213,8/1/23,38.9,,
2012,214,8/2/23,41.1,,
2012,215,8/3/23,41.7,,
2012,216,8/4/23,42.8,,
2012,217,8/5/23,40.6,,
2012,218,8/6/23,43.3,,
2012,219,8/7/23,43.9,,
2012,220,8/8/23,45.6,,
2012,221,8/9/23,44.4,,
2012,222,8/10/23,44.4,,
2012,223,8/11/23,43.3,,
2012,224,8/12/23,45,,
2012,225,8/13/23,45,,
2012,226,8/14/23,44.4,,
2012,227,8/15/23,36.7,,
2012,228,8/16/23,36.7,,
2012,229,8/17/23,35,,
2012,230,8/18/23,37.2,,
2012,231,8/19/23,39.4,,
2012,232,8/20/23,40.6,,
2012,233,8/21/23,38.3,,
2012,234,8/22/23,31.7,,
2012,235,8/23/23,33.9,,
2012,236,8/24/23,36.1,,
2012,237,8/25/23,38.9,,
2012,238,8/26/23,39.4,,
2012,239,8/27/23,41.7,,
2012,240,8/28/23,42.2,,
2012,241,8/29/23,40.6,,
2012,242,8/30/23,37.8,,
2012,243,8/31/23,38.9,,
2012,244,9/1/23,40,,
2012,245,9/2/23,41.7,,
2012,246,9/3/23,38.9,,
2012,247,9/4/23,37.8,,
2012,248,9/5/23,37.2,,
2012,249,9/6/23,38.3,,
2012,250,9/7/23,28.9,,
2012,251,9/8/23,33.9,,
2012,252,9/9/23,32.8,,
2012,253,9/10/23,35.6,,
2012,254,9/11/23,27.2,,
2012,255,9/12/23,33.9,,
2012,256,9/13/23,37.2,,
2012,257,9/14/23,35,,
2012,258,9/15/23,36.1,,
2012,259,9/16/23,37.2,,
2012,260,9/17/23,36.7,,
2012,261,9/18/23,38.9,,
2012,262,9/19/23,40.6,,
2012,263,9/20/23,39.4,,
2012,264,9/21/23,40,,
2012,265,9/22/23,40,,
2012,266,9/23/23,38.9,,
2012,267,9/24/23,38.3,,
2012,268,9/25/23,37.2,,
2012,269,9/26/23,35.6,,
2012,270,9/27/23,35.6,,
2012,271,9/28/23,35.6,,
2012,272,9/29/23,36.1,,
2012,273,9/30/23,38.9,,
2013,182,7/1/23,43.9,,
2013,183,7/2/23,41.7,,
2013,184,7/3/23,43.9,,
2013,185,7/4/23,42.2,,
2013,186,7/5/23,41.1,,
2013,187,7/6/23,42.8,,
2013,188,7/7/23,43.9,,
2013,189,7/8/23,45,,
2013,190,7/9/23,41.1,,
2013,191,7/10/23,39.4,,
2013,192,7/11/23,36.1,,
2013,193,7/12/23,37.2,,
2013,194,7/13/23,40.6,,
2013,195,7/14/23,43.3,,
2013,196,7/15/23,42.8,,
2013,197,7/16/23,37.8,,
2013,198,7/17/23,40.6,,
2013,199,7/18/23,41.7,,
2013,200,7/19/23,38.9,,
2013,201,7/20/23,38.3,,
2013,202,7/21/23,29.4,,
2013,203,7/22/23,33.9,,
2013,204,7/23/23,38.3,,
2013,205,7/24/23,40.6,,
2013,206,7/25/23,37.2,,
2013,207,7/26/23,38.9,,
2013,208,7/27/23,40,,
2013,209,7/28/23,42.2,,
2013,210,7/29/23,41.1,,
2013,211,7/30/23,41.1,,
2013,212,7/31/23,42.8,,
2013,213,8/1/23,40.6,,
2013,214,8/2/23,41.1,,
2013,215,8/3/23,41.1,,
2013,216,8/4/23,41.1,,
2013,217,8/5/23,37.8,,
2013,218,8/6/23,32.8,,
2013,219,8/7/23,38.3,,
2013,220,8/8/23,40.6,,
2013,221,8/9/23,42.8,,
2013,222,8/10/23,40.6,,
2013,223,8/11/23,41.1,,
2013,224,8/12/23,42.8,,
2013,225,8/13/23,41.7,,
2013,226,8/14/23,42.2,,
2013,227,8/15/23,42.8,,
2013,228,8/16/23,44.4,,
2013,229,8/17/23,44.4,,
2013,230,8/18/23,42.2,,
2013,231,8/19/23,42.8,,
2013,232,8/20/23,42.8,,
2013,233,8/21/23,36.7,,
2013,234,8/22/23,39.4,,
2013,235,8/23/23,38.9,,
2013,236,8/24/23,36.1,,
2013,237,8/25/23,31.7,,
2013,238,8/26/23,37.2,,
2013,239,8/27/23,41.1,,
2013,240,8/28/23,41.7,,
2013,241,8/29/23,37.2,,
2013,242,8/30/23,36.7,,
2013,243,8/31/23,37.8,,
2013,244,9/1/23,39.4,,
2013,245,9/2/23,38.9,,
2013,246,9/3/23,42.2,,
2013,247,9/4/23,42.8,,
2013,248,9/5/23,43.3,,
2013,249,9/6/23,42.8,,
2013,250,9/7/23,33.9,,
2013,251,9/8/23,31.7,,
2013,252,9/9/23,28.3,,
2013,253,9/10/23,29.4,,
2013,254,9/11/23,33.9,,
2013,255,9/12/23,37.2,,
2013,256,9/13/23,38.3,,
2013,257,9/14/23,39.4,,
2013,258,9/15/23,39.4,,
2013,259,9/16/23,40.6,,
2013,260,9/17/23,41.7,,
2013,261,9/18/23,40,,
2013,262,9/19/23,38.3,,
2013,263,9/20/23,40,,
2013,264,9/21/23,38.3,,
2013,265,9/22/23,31.7,,
2013,266,9/23/23,33.9,,
2013,267,9/24/23,36.7,,
2013,268,9/25/23,35.6,,
2013,269,9/26/23,36.1,,
2013,270,9/27/23,30,,
2013,271,9/28/23,32.8,,
2013,272,9/29/23,33.9,,
2013,273,9/30/23,34.4,,
2014,182,7/1/23,42.8,,
2014,183,7/2/23,42.2,,
2014,184,7/3/23,42.2,,
2014,185,7/4/23,36.1,,
2014,186,7/5/23,38.9,,
2014,187,7/6/23,40,,
2014,188,7/7/23,41.7,,
2014,189,7/8/23,40,,
2014,190,7/9/23,37.2,,
2014,191,7/10/23,40,,
2014,192,7/11/23,40.6,,
2014,193,7/12/23,42.8,,
2014,194,7/13/23,42.2,,
2014,195,7/14/23,38.9,,
2014,196,7/15/23,38.3,,
2014,197,7/16/23,41.1,,
2014,198,7/17/23,40,,
2014,199,7/18/23,40,,
2014,200,7/19/23,39.4,,
2014,201,7/20/23,41.1,,
2014,202,7/21/23,41.1,,
2014,203,7/22/23,44.4,,
2014,204,7/23/23,45,,
2014,205,7/24/23,45.6,,
2014,206,7/25/23,42.8,,
2014,207,7/26/23,41.7,,
2014,208,7/27/23,39.4,,
2014,209,7/28/23,41.1,,
2014,210,7/29/23,42.2,,
2014,211,7/30/23,43.3,,
2014,212,7/31/23,42.2,,
2014,213,8/1/23,36.7,,
2014,214,8/2/23,37.8,,
2014,215,8/3/23,39.4,,
2014,216,8/4/23,40.6,,
2014,217,8/5/23,40,,
2014,218,8/6/23,41.7,,
2014,219,8/7/23,40,,
2014,220,8/8/23,40,,
2014,221,8/9/23,40,,
2014,222,8/10/23,40,,
2014,223,8/11/23,42.2,,
2014,224,8/12/23,34.4,,
2014,225,8/13/23,35,,
2014,226,8/14/23,38.3,,
2014,227,8/15/23,39.4,,
2014,228,8/16/23,41.1,,
2014,229,8/17/23,42.2,,
2014,230,8/18/23,36.1,,
2014,231,8/19/23,31.7,,
2014,232,8/20/23,36.1,,
2014,233,8/21/23,31.7,,
2014,234,8/22/23,33.3,,
2014,235,8/23/23,36.1,,
2014,236,8/24/23,39.4,,
2014,237,8/25/23,37.2,,
2014,238,8/26/23,37.2,,
2014,239,8/27/23,38.9,,
2014,240,8/28/23,40.6,,
2014,241,8/29/23,42.2,,
2014,242,8/30/23,42.2,,
2014,243,8/31/23,41.7,,
2014,244,9/1/23,41.7,,
2014,245,9/2/23,41.7,,
2014,246,9/3/23,41.7,,
2014,247,9/4/23,41.7,,
2014,248,9/5/23,37.8,,
2014,249,9/6/23,38.9,,
2014,250,9/7/23,38.9,,
2014,251,9/8/23,30,,
2014,252,9/9/23,32.2,,
2014,253,9/10/23,35,,
2014,254,9/11/23,37.2,,
2014,255,9/12/23,40,,
2014,256,9/13/23,37.8,,
2014,257,9/14/23,37.8,,
2014,258,9/15/23,39.4,,
2014,259,9/16/23,32.8,,
2014,260,9/17/23,31.1,,
2014,261,9/18/23,35.6,,
2014,262,9/19/23,36.1,,
2014,263,9/20/23,36.1,,
2014,264,9/21/23,36.7,,
2014,265,9/22/23,37.8,,
2014,266,9/23/23,38.9,,
2014,267,9/24/23,40,,
2014,268,9/25/23,39.4,,
2014,269,9/26/23,36.7,,
2014,270,9/27/23,33.9,,
2014,271,9/28/23,30,,
2014,272,9/29/23,31.1,,
2014,273,9/30/23,31.7,,
2015,182,7/1/23,40,,
2015,183,7/2/23,40.6,,
2015,184,7/3/23,37.2,,
2015,185,7/4/23,40.6,,
2015,186,7/5/23,38.3,,
2015,187,7/6/23,40,,
2015,188,7/7/23,41.7,,
2015,189,7/8/23,42.2,,
2015,190,7/9/23,38.9,,
2015,191,7/10/23,39.4,,
2015,192,7/11/23,40.6,,
2015,193,7/12/23,40.6,,
2015,194,7/13/23,41.7,,
2015,195,7/14/23,42.2,,
2015,196,7/15/23,40.6,,
2015,197,7/16/23,41.7,,
2015,198,7/17/23,40,,
2015,199,7/18/23,36.7,,
2015,200,7/19/23,35.6,,
2015,201,7/20/23,38.3,,
2015,202,7/21/23,40.6,,
2015,203,7/22/23,40.6,,
2015,204,7/23/23,39.4,,
2015,205,7/24/23,39.4,,
2015,206,7/25/23,42.2,,
2015,207,7/26/23,41.7,,
2015,208,7/27/23,40.6,,
2015,209,7/28/23,40.6,,
2015,210,7/29/23,37.8,,
2015,211,7/30/23,40,,
2015,212,7/31/23,42.2,,
2015,213,8/1/23,39.4,,
2015,214,8/2/23,42.2,,
2015,215,8/3/23,42.8,,
2015,216,8/4/23,43.3,,
2015,217,8/5/23,43.3,,
2015,218,8/6/23,40,,
2015,219,8/7/23,41.1,,
2015,220,8/8/23,38.3,,
2015,221,8/9/23,41.1,,
2015,222,8/10/23,40,,
2015,223,8/11/23,35.6,,
2015,224,8/12/23,41.7,,
2015,225,8/13/23,45,,
2015,226,8/14/23,46.7,,
2015,227,8/15/23,45.6,,
2015,228,8/16/23,43.9,,
2015,229,8/17/23,42.2,,
2015,230,8/18/23,41.7,,
2015,231,8/19/23,40.6,,
2015,232,8/20/23,40.6,,
2015,233,8/21/23,40.6,,
2015,234,8/22/23,40.6,,
2015,235,8/23/23,41.7,,
2015,236,8/24/23,41.1,,
2015,237,8/25/23,37.2,,
2015,238,8/26/23,40,,
2015,239,8/27/23,41.7,,
2015,240,8/28/23,42.2,,
2015,241,8/29/23,43.9,,
2015,242,8/30/23,41.7,,
2015,243,8/31/23,40.6,,
2015,244,9/1/23,37.2,,
2015,245,9/2/23,37.8,,
2015,246,9/3/23,37.2,,
2015,247,9/4/23,35.6,,
2015,248,9/5/23,34.4,,
2015,249,9/6/23,38.9,,
2015,250,9/7/23,36.7,,
2015,251,9/8/23,40,,
2015,252,9/9/23,35,,
2015,253,9/10/23,33.3,,
2015,254,9/11/23,38.3,,
2015,255,9/12/23,40.6,,
2015,256,9/13/23,39.4,,
2015,257,9/14/23,36.1,,
2015,258,9/15/23,35.6,,
2015,259,9/16/23,36.1,,
2015,260,9/17/23,36.7,,
2015,261,9/18/23,37.8,,
2015,262,9/19/23,38.9,,
2015,263,9/20/23,38.9,,
2015,264,9/21/23,31.7,,
2015,265,9/22/23,32.2,,
2015,266,9/23/23,35.6,,
2015,267,9/24/23,40,,
2015,268,9/25/23,38.9,,
2015,269,9/26/23,39.4,,
2015,270,9/27/23,39.4,,
2015,271,9/28/23,39.4,,
2015,272,9/29/23,39.4,,
2015,273,9/30/23,40.6,,
2016,182,7/1/23,36.1,,
2016,183,7/2/23,39.4,,
2016,184,7/3/23,41.1,,
2016,185,7/4/23,42.2,,
2016,186,7/5/23,43.3,,
2016,187,7/6/23,41.1,,
2016,188,7/7/23,40.6,,
2016,189,7/8/23,41.7,,
2016,190,7/9/23,43.3,,
2016,191,7/10/23,43.3,,
2016,192,7/11/23,42.2,,
2016,193,7/12/23,42.2,,
2016,194,7/13/23,42.2,,
2016,195,7/14/23,43.9,,
2016,196,7/15/23,43.3,,
2016,197,7/16/23,41.7,,
2016,198,7/17/23,39.4,,
2016,199,7/18/23,40.6,,
2016,200,7/19/23,41.7,,
2016,201,7/20/23,41.1,,
2016,202,7/21/23,43.9,,
2016,203,7/22/23,43.9,,
2016,204,7/23/23,43.9,,
2016,205,7/24/23,41.7,,
2016,206,7/25/23,41.1,,
2016,207,7/26/23,43.3,,
2016,208,7/27/23,44.4,,
2016,209,7/28/23,43.3,,
2016,210,7/29/23,43.9,,
2016,211,7/30/23,38.3,,
2016,212,7/31/23,38.3,,
2016,213,8/1/23,36.7,,
2016,214,8/2/23,36.7,,
2016,215,8/3/23,36.1,,
2016,216,8/4/23,36.7,,
2016,217,8/5/23,36.1,,
2016,218,8/6/23,40.6,,
2016,219,8/7/23,42.2,,
2016,220,8/8/23,42.2,,
2016,221,8/9/23,36.1,,
2016,222,8/10/23,38.3,,
2016,223,8/11/23,36.1,,
2016,224,8/12/23,40,,
2016,225,8/13/23,41.7,,
2016,226,8/14/23,40.6,,
2016,227,8/15/23,42.2,,
2016,228,8/16/23,43.9,,
2016,229,8/17/23,42.2,,
2016,230,8/18/23,38.9,,
2016,231,8/19/23,38.9,,
2016,232,8/20/23,37.8,,
2016,233,8/21/23,37.8,,
2016,234,8/22/23,37.2,,
2016,235,8/23/23,35,,
2016,236,8/24/23,38.3,,
2016,237,8/25/23,38.3,,
2016,238,8/26/23,36.7,,
2016,239,8/27/23,35.6,,
2016,240,8/28/23,37.2,,
2016,241,8/29/23,40,,
2016,242,8/30/23,41.1,,
2016,243,8/31/23,39.4,,
2016,244,9/1/23,39.4,,
2016,245,9/2/23,39.4,,
2016,246,9/3/23,40.6,,
2016,247,9/4/23,38.3,,
2016,248,9/5/23,38.9,,
2016,249,9/6/23,37.8,,
2016,250,9/7/23,30.6,,
2016,251,9/8/23,35,,
2016,252,9/9/23,38.9,,
2016,253,9/10/23,40,,
2016,254,9/11/23,40,,
2016,255,9/12/23,36.7,,
2016,256,9/13/23,36.1,,
2016,257,9/14/23,36.1,,
2016,258,9/15/23,35.6,,
2016,259,9/16/23,35.6,,
2016,260,9/17/23,37.2,,
2016,261,9/18/23,40,,
2016,262,9/19/23,37.2,,
2016,263,9/20/23,31.7,,
2016,264,9/21/23,37.2,,
2016,265,9/22/23,30,,
2016,266,9/23/23,30.6,,
2016,267,9/24/23,32.2,,
2016,268,9/25/23,35,,
2016,269,9/26/23,31.7,,
2016,270,9/27/23,31.1,,
2016,271,9/28/23,35,,
2016,272,9/29/23,33.3,,
2016,273,9/30/23,35.6,,
2017,182,7/1/23,44.4,,
2017,183,7/2/23,42.2,,
2017,184,7/3/23,41.7,,
2017,185,7/4/23,43.3,,
2017,186,7/5/23,44.4,,
2017,187,7/6/23,43.3,,
2017,188,7/7/23,46.1,,
2017,189,7/8/23,44.4,,
2017,190,7/9/23,42.2,,
2017,191,7/10/23,42.2,,
2017,192,7/11/23,39.4,,
2017,193,7/12/23,41.7,,
2017,194,7/13/23,42.2,,
2017,195,7/14/23,41.7,,
2017,196,7/15/23,41.7,,
2017,197,7/16/23,39.4,,
2017,198,7/17/23,37.2,,
2017,199,7/18/23,38.3,,
2017,200,7/19/23,37.2,,
2017,201,7/20/23,38.3,,
2017,202,7/21/23,39.4,,
2017,203,7/22/23,40.6,,
2017,204,7/23/23,38.9,,
2017,205,7/24/23,32.2,,
2017,206,7/25/23,38.3,,
2017,207,7/26/23,40.6,,
2017,208,7/27/23,42.2,,
2017,209,7/28/23,37.8,,
2017,210,7/29/23,38.9,,
2017,211,7/30/23,36.1,,
2017,212,7/31/23,40.6,,
2017,213,8/1/23,37.8,,
2017,214,8/2/23,35,,
2017,215,8/3/23,39.4,,
2017,216,8/4/23,38.3,,
2017,217,8/5/23,39.4,,
2017,218,8/6/23,40,,
2017,219,8/7/23,41.1,,
2017,220,8/8/23,41.7,,
2017,221,8/9/23,43.3,,
2017,222,8/10/23,40,,
2017,223,8/11/23,41.1,,
2017,224,8/12/23,38.9,,
2017,225,8/13/23,37.2,,
2017,226,8/14/23,38.9,,
2017,227,8/15/23,38.3,,
2017,228,8/16/23,38.3,,
2017,229,8/17/23,39.4,,
2017,230,8/18/23,40,,
2017,231,8/19/23,40.6,,
2017,232,8/20/23,38.3,,
2017,233,8/21/23,39.4,,
2017,234,8/22/23,41.7,,
2017,235,8/23/23,41.7,,
2017,236,8/24/23,39.4,,
2017,237,8/25/23,41.7,,
2017,238,8/26/23,42.8,,
2017,239,8/27/23,42.8,,
2017,240,8/28/23,42.8,,
2017,241,8/29/23,42.2,,
2017,242,8/30/23,42.2,,
2017,243,8/31/23,41.1,,
2017,244,9/1/23,43.3,,
2017,245,9/2/23,38.3,,
2017,246,9/3/23,38.9,,
2017,247,9/4/23,40,,
2017,248,9/5/23,41.1,,
2017,249,9/6/23,42.2,,
2017,250,9/7/23,39.4,,
2017,251,9/8/23,36.7,,
2017,252,9/9/23,34.4,,
2017,253,9/10/23,40.6,,
2017,254,9/11/23,41.1,,
2017,255,9/12/23,42.2,,
2017,256,9/13/23,41.1,,
2017,257,9/14/23,37.8,,
2017,258,9/15/23,36.1,,
2017,259,9/16/23,35,,
2017,260,9/17/23,36.1,,
2017,261,9/18/23,36.7,,
2017,262,9/19/23,37.2,,
2017,263,9/20/23,37.2,,
2017,264,9/21/23,36.1,,
2017,265,9/22/23,30.6,,
2017,266,9/23/23,28.9,,
2017,267,9/24/23,28.9,,
2017,268,9/25/23,31.7,,
2017,269,9/26/23,31.1,,
2017,270,9/27/23,32.8,,
2017,271,9/28/23,33.9,,
2017,272,9/29/23,35.6,,
2017,273,9/30/23,36.7,,
2018,182,7/1/23,40,,
2018,183,7/2/23,41.7,,
2018,184,7/3/23,42.8,,
2018,185,7/4/23,41.1,,
2018,186,7/5/23,45.6,,
2018,187,7/6/23,43.9,,
2018,188,7/7/23,44.4,,
2018,189,7/8/23,43.3,,
2018,190,7/9/23,41.1,,
2018,191,7/10/23,36.7,,
2018,192,7/11/23,37.2,,
2018,193,7/12/23,37.8,,
2018,194,7/13/23,40,,
2018,195,7/14/23,39.4,,
2018,196,7/15/23,36.7,,
2018,197,7/16/23,39.4,,
2018,198,7/17/23,41.1,,
2018,199,7/18/23,38.9,,
2018,200,7/19/23,40.6,,
2018,201,7/20/23,41.7,,
2018,202,7/21/23,38.3,,
2018,203,7/22/23,42.2,,
2018,204,7/23/23,45.6,,
2018,205,7/24/23,46.7,,
2018,206,7/25/23,46.1,,
2018,207,7/26/23,43.3,,
2018,208,7/27/23,42.8,,
2018,209,7/28/23,41.7,,
2018,210,7/29/23,40.6,,
2018,211,7/30/23,42.2,,
2018,212,7/31/23,41.1,,
2018,213,8/1/23,42.2,,
2018,214,8/2/23,42.8,,
2018,215,8/3/23,42.8,,
2018,216,8/4/23,43.3,,
2018,217,8/5/23,44.4,,
2018,218,8/6/23,45,,
2018,219,8/7/23,43.3,,
2018,220,8/8/23,39.4,,
2018,221,8/9/23,38.3,,
2018,222,8/10/23,37.2,,
2018,223,8/11/23,37.8,,
2018,224,8/12/23,38.3,,
2018,225,8/13/23,38.3,,
2018,226,8/14/23,39.4,,
2018,227,8/15/23,36.1,,
2018,228,8/16/23,37.2,,
2018,229,8/17/23,38.9,,
2018,230,8/18/23,40.6,,
2018,231,8/19/23,41.7,,
2018,232,8/20/23,41.7,,
2018,233,8/21/23,38.9,,
2018,234,8/22/23,38.9,,
2018,235,8/23/23,38.9,,
2018,236,8/24/23,37.8,,
2018,237,8/25/23,37.8,,
2018,238,8/26/23,39.4,,
2018,239,8/27/23,40,,
2018,240,8/28/23,39.4,,
2018,241,8/29/23,40,,
2018,242,8/30/23,38.9,,
2018,243,8/31/23,39.4,,
2018,244,9/1/23,38.9,,
2018,245,9/2/23,38.3,,
2018,246,9/3/23,36.1,,
2018,247,9/4/23,37.8,,
2018,248,9/5/23,38.3,,
2018,249,9/6/23,40,,
2018,250,9/7/23,40.6,,
2018,251,9/8/23,42.2,,
2018,252,9/9/23,41.1,,
2018,253,9/10/23,41.1,,
2018,254,9/11/23,41.7,,
2018,255,9/12/23,41.1,,
2018,256,9/13/23,40.6,,
2018,257,9/14/23,41.7,,
2018,258,9/15/23,42.2,,
2018,259,9/16/23,39.4,,
2018,260,9/17/23,41.1,,
2018,261,9/18/23,39.4,,
2018,262,9/19/23,32.8,,
2018,263,9/20/23,36.1,,
2018,264,9/21/23,38.3,,
2018,265,9/22/23,38.3,,
2018,266,9/23/23,38.9,,
2018,267,9/24/23,37.8,,
2018,268,9/25/23,37.8,,
2018,269,9/26/23,38.9,,
2018,270,9/27/23,39.4,,
2018,271,9/28/23,39.4,,
2018,272,9/29/23,37.8,,
2018,273,9/30/23,35,,
2019,182,7/1/23,42.8,,
2019,183,7/2/23,41.7,,
2019,184,7/3/23,41.7,,
2019,185,7/4/23,40.6,,
2019,186,7/5/23,40,,
2019,187,7/6/23,40,,
2019,188,7/7/23,41.7,,
2019,189,7/8/23,40,,
2019,190,7/9/23,40,,
2019,191,7/10/23,43.3,,
2019,192,7/11/23,44.4,,
2019,193,7/12/23,43.3,,
2019,194,7/13/23,42.8,,
2019,195,7/14/23,42.8,,
2019,196,7/15/23,44.4,,
2019,197,7/16/23,46.1,,
2019,198,7/17/23,40.6,,
2019,199,7/18/23,41.1,,
2019,200,7/19/23,41.1,,
2019,201,7/20/23,41.7,,
2019,202,7/21/23,42.2,,
2019,203,7/22/23,39.4,,
2019,204,7/23/23,41.1,,
2019,205,7/24/23,38.3,,
2019,206,7/25/23,41.7,,
2019,207,7/26/23,42.8,,
2019,208,7/27/23,44.4,,
2019,209,7/28/23,43.3,,
2019,210,7/29/23,43.3,,
2019,211,7/30/23,41.7,,
2019,212,7/31/23,35.6,,
2019,213,8/1/23,39.4,,
2019,214,8/2/23,42.8,,
2019,215,8/3/23,43.9,,
2019,216,8/4/23,42.8,,
2019,217,8/5/23,46.1,,
2019,218,8/6/23,38.3,,
2019,219,8/7/23,41.1,,
2019,220,8/8/23,41.7,,
2019,221,8/9/23,37.8,,
2019,222,8/10/23,38.3,,
2019,223,8/11/23,38.9,,
2019,224,8/12/23,40.6,,
2019,225,8/13/23,42.2,,
2019,226,8/14/23,44.4,,
2019,227,8/15/23,45,,
2019,228,8/16/23,42.8,,
2019,229,8/17/23,42.2,,
2019,230,8/18/23,40,,
2019,231,8/19/23,42.2,,
2019,232,8/20/23,44.4,,
2019,233,8/21/23,45,,
2019,234,8/22/23,42.8,,
2019,235,8/23/23,39.4,,
2019,236,8/24/23,37.8,,
2019,237,8/25/23,38.9,,
2019,238,8/26/23,41.1,,
2019,239,8/27/23,43.3,,
2019,240,8/28/23,42.2,,
2019,241,8/29/23,40,,
2019,242,8/30/23,42.2,,
2019,243,8/31/23,41.7,,
2019,244,9/1/23,42.2,,
2019,245,9/2/23,40.6,,
2019,246,9/3/23,42.2,,
2019,247,9/4/23,43.9,,
2019,248,9/5/23,42.2,,
2019,249,9/6/23,41.7,,
2019,250,9/7/23,42.2,,
2019,251,9/8/23,38.9,,
2019,252,9/9/23,37.8,,
2019,253,9/10/23,37.2,,
2019,254,9/11/23,35.6,,
2019,255,9/12/23,38.9,,
2019,256,9/13/23,41.1,,
2019,257,9/14/23,38.9,,
2019,258,9/15/23,36.7,,
2019,259,9/16/23,36.7,,
2019,260,9/17/23,36.1,,
2019,261,9/18/23,38.9,,
2019,262,9/19/23,37.8,,
2019,263,9/20/23,35.6,,
2019,264,9/21/23,35,,
2019,265,9/22/23,36.1,,
2019,266,9/23/23,31.7,,
2019,267,9/24/23,31.1,,
2019,268,9/25/23,31.1,,
2019,269,9/26/23,30,,
2019,270,9/27/23,29.4,,
2019,271,9/28/23,34.4,,
2019,272,9/29/23,32.8,,
2019,273,9/30/23,32.2,,
2020,182,7/1/23,40,,
2020,183,7/2/23,38.9,,
2020,184,7/3/23,39.4,,
2020,185,7/4/23,42.8,,
2020,186,7/5/23,43.9,,
2020,187,7/6/23,43.3,,
2020,188,7/7/23,43.3,,
2020,189,7/8/23,42.8,,
2020,190,7/9/23,42.8,,
2020,191,7/10/23,43.9,,
2020,192,7/11/23,46.1,,
2020,193,7/12/23,46.1,,
2020,194,7/13/23,44.4,,
2020,195,7/14/23,43.3,,
2020,196,7/15/23,42.8,,
2020,197,7/16/23,43.3,,
2020,198,7/17/23,42.2,,
2020,199,7/18/23,43.3,,
2020,200,7/19/23,42.2,,
2020,201,7/20/23,38.9,,
2020,202,7/21/23,42.2,,
2020,203,7/22/23,41.1,,
2020,204,7/23/23,36.1,,
2020,205,7/24/23,40,,
2020,206,7/25/23,40,,
2020,207,7/26/23,42.2,,
2020,208,7/27/23,43.9,,
2020,209,7/28/23,45,,
2020,210,7/29/23,45,,
2020,211,7/30/23,47.2,,
2020,212,7/31/23,46.7,,
2020,213,8/1/23,43.3,,
2020,214,8/2/23,41.7,,
2020,215,8/3/23,45,,
2020,216,8/4/23,42.8,,
2020,217,8/5/23,43.9,,
2020,218,8/6/23,42.2,,
2020,219,8/7/23,42.8,,
2020,220,8/8/23,43.3,,
2020,221,8/9/23,43.3,,
2020,222,8/10/23,43.9,,
2020,223,8/11/23,42.8,,
2020,224,8/12/23,43.3,,
2020,225,8/13/23,45.6,,
2020,226,8/14/23,46.1,,
2020,227,8/15/23,45,,
2020,228,8/16/23,45,,
2020,229,8/17/23,44.4,,
2020,230,8/18/23,44.4,,
2020,231,8/19/23,45,,
2020,232,8/20/23,43.9,,
2020,233,8/21/23,37.8,,
2020,234,8/22/23,40.6,,
2020,235,8/23/23,42.8,,
2020,236,8/24/23,45,,
2020,237,8/25/23,43.9,,
2020,238,8/26/23,43.9,,
2020,239,8/27/23,43.9,,
2020,240,8/28/23,43.9,,
2020,241,8/29/23,39.4,,
2020,242,8/30/23,38.3,,
2020,243,8/31/23,36.7,,
2020,244,9/1/23,38.9,,
2020,245,9/2/23,38.9,,
2020,246,9/3/23,41.7,,
2020,247,9/4/23,45,,
2020,248,9/5/23,45,,
2020,249,9/6/23,44.4,,
2020,250,9/7/23,42.2,,
2020,251,9/8/23,36.7,,
2020,252,9/9/23,31.7,,
2020,253,9/10/23,33.3,,
2020,254,9/11/23,32.8,,
2020,255,9/12/23,36.7,,
2020,256,9/13/23,38.9,,
2020,257,9/14/23,40,,
2020,258,9/15/23,39.4,,
2020,259,9/16/23,41.7,,
2020,260,9/17/23,42.2,,
2020,261,9/18/23,41.1,,
2020,262,9/19/23,39.4,,
2020,263,9/20/23,40,,
2020,264,9/21/23,38.9,,
2020,265,9/22/23,38.9,,
2020,266,9/23/23,40,,
2020,267,9/24/23,41.1,,
2020,268,9/25/23,40,,
2020,269,9/26/23,39.4,,
2020,270,9/27/23,38.3,,
2020,271,9/28/23,38.9,,
2020,272,9/29/23,38.9,,
2020,273,9/30/23,40,,
2021,182,7/1/23,41.1,,
2021,183,7/2/23,40,,
2021,184,7/3/23,41.1,,
2021,185,7/4/23,38.9,,
2021,186,7/5/23,41.7,,
2021,187,7/6/23,43.3,,
2021,188,7/7/23,43.3,,
2021,189,7/8/23,43.3,,
2021,190,7/9/23,43.9,,
2021,191,7/10/23,44.4,,
2021,192,7/11/23,43.3,,
2021,193,7/12/23,40.6,,
2021,194,7/13/23,42.2,,
2021,195,7/14/23,36.1,,
2021,196,7/15/23,38.9,,
2021,197,7/16/23,37.8,,
2021,198,7/17/23,38.9,,
2021,199,7/18/23,37.8,,
2021,200,7/19/23,39.4,,
2021,201,7/20/23,42.2,,
2021,202,7/21/23,42.2,,
2021,203,7/22/23,41.1,,
2021,204,7/23/23,27.8,,
2021,205,7/24/23,27.8,,
2021,206,7/25/23,27.2,,
2021,207,7/26/23,35.6,,
2021,208,7/27/23,39.4,,
2021,209,7/28/23,40.6,,
2021,210,7/29/23,40.6,,
2021,211,7/30/23,39.4,,
2021,212,7/31/23,37.2,,
2021,213,8/1/23,40,,
2021,214,8/2/23,42.2,,
2021,215,8/3/23,43.9,,
2021,216,8/4/23,45,,
2021,217,8/5/23,42.2,,
2021,218,8/6/23,42.2,,
2021,219,8/7/23,41.7,,
2021,220,8/8/23,40.6,,
2021,221,8/9/23,34.4,,
2021,222,8/10/23,33.9,,
2021,223,8/11/23,34.4,,
2021,224,8/12/23,35.6,,
2021,225,8/13/23,36.7,,
2021,226,8/14/23,33.9,,
2021,227,8/15/23,36.7,,
2021,228,8/16/23,37.8,,
2021,229,8/17/23,33.9,,
2021,230,8/18/23,34.4,,
2021,231,8/19/23,35.6,,
2021,232,8/20/23,36.1,,
2021,233,8/21/23,37.8,,
2021,234,8/22/23,40,,
2021,235,8/23/23,40.6,,
2021,236,8/24/23,40,,
2021,237,8/25/23,42.8,,
2021,238,8/26/23,43.3,,
2021,239,8/27/23,43.9,,
2021,240,8/28/23,40.6,,
2021,241,8/29/23,42.2,,
2021,242,8/30/23,40.6,,
2021,243,8/31/23,36.1,,
2021,244,9/1/23,34.4,,
2021,245,9/2/23,33.9,,
2021,246,9/3/23,37.8,,
2021,247,9/4/23,40,,
2021,248,9/5/23,41.1,,
2021,249,9/6/23,38.9,,
2021,250,9/7/23,40.6,,
2021,251,9/8/23,40.6,,
2021,252,9/9/23,43.3,,
2021,253,9/10/23,41.7,,
2021,254,9/11/23,41.7,,
2021,255,9/12/23,41.7,,
2021,256,9/13/23,42.2,,
2021,257,9/14/23,40.6,,
2021,258,9/15/23,41.7,,
2021,259,9/16/23,40,,
2021,260,9/17/23,37.8,,
2021,261,9/18/23,35.6,,
2021,262,9/19/23,36.7,,
2021,263,9/20/23,36.1,,
2021,264,9/21/23,38.9,,
2021,265,9/22/23,38.9,,
2021,266,9/23/23,37.8,,
2021,267,9/24/23,32.2,,
2021,268,9/25/23,35,,
2021,269,9/26/23,26.7,,
2021,270,9/27/23,28.9,,
2021,271,9/28/23,32.8,,
2021,272,9/29/23,30.6,,
2021,273,9/30/23,31.7,,
2022,182,7/1/23,41.7,,
2022,183,7/2/23,40,,
2022,184,7/3/23,41.7,,
2022,185,7/4/23,40.6,,
2022,186,7/5/23,40,,
2022,187,7/6/23,41.1,,
2022,188,7/7/23,41.1,,
2022,189,7/8/23,44.4,,
2022,190,7/9/23,43.9,,
2022,191,7/10/23,43.9,,
2022,192,7/11/23,46.1,,
2022,193,7/12/23,43.3,,
2022,194,7/13/23,45,,
2022,195,7/14/23,43.3,,
2022,196,7/15/23,43.9,,
2022,197,7/16/23,45,,
2022,198,7/17/23,43.9,,
2022,199,7/18/23,41.7,,
2022,200,7/19/23,43.3,,
2022,201,7/20/23,43.3,,
2022,202,7/21/23,42.8,,
2022,203,7/22/23,44.4,,
2022,204,7/23/23,41.1,,
2022,205,7/24/23,37.2,,
2022,206,7/25/23,37.2,,
2022,207,7/26/23,36.1,,
2022,208,7/27/23,35.6,,
2022,209,7/28/23,32.8,,
2022,210,7/29/23,36.7,,
2022,211,7/30/23,40,,
2022,212,7/31/23,38.9,,
2022,213,8/1/23,39.4,,
2022,214,8/2/23,40.6,,
2022,215,8/3/23,37.8,,
2022,216,8/4/23,33.9,,
2022,217,8/5/23,38.9,,
2022,218,8/6/23,41.1,,
2022,219,8/7/23,39.4,,
2022,220,8/8/23,40,,
2022,221,8/9/23,36.7,,
2022,222,8/10/23,39.4,,
2022,223,8/11/23,40.6,,
2022,224,8/12/23,38.9,,
2022,225,8/13/23,40,,
2022,226,8/14/23,37.2,,
2022,227,8/15/23,38.3,,
2022,228,8/16/23,40,,
2022,229,8/17/23,40.6,,
2022,230,8/18/23,40,,
2022,231,8/19/23,36.7,,
2022,232,8/20/23,35.6,,
2022,233,8/21/23,36.1,,
2022,234,8/22/23,37.2,,
2022,235,8/23/23,39.4,,
2022,236,8/24/23,38.3,,
2022,237,8/25/23,38.9,,
2022,238,8/26/23,40.6,,
2022,239,8/27/23,39.4,,
2022,240,8/28/23,38.9,,
2022,241,8/29/23,41.7,,
2022,242,8/30/23,43.3,,
2022,243,8/31/23,42.2,,
2022,244,9/1/23,41.1,,
2022,245,9/2/23,41.7,,
2022,246,9/3/23,41.7,,
2022,247,9/4/23,42.2,,
2022,248,9/5/23,42.8,,
2022,249,9/6/23,42.8,,
2022,250,9/7/23,40.6,,
2022,251,9/8/23,40,,
2022,252,9/9/23,38.3,,
2022,253,9/10/23,33.9,,
2022,254,9/11/23,38.9,,
2022,255,9/12/23,35.6,,
2022,256,9/13/23,35,,
2022,257,9/14/23,35.6,,
2022,258,9/15/23,36.1,,
2022,259,9/16/23,36.1,,
2022,260,9/17/23,37.2,,
2022,261,9/18/23,38.3,,
2022,262,9/19/23,38.9,,
2022,263,9/20/23,36.1,,
2022,264,9/21/23,30.6,,
2022,265,9/22/23,33.3,,
2022,266,9/23/23,37.2,,
2022,267,9/24/23,38.3,,
2022,268,9/25/23,39.4,,
2022,269,9/26/23,40,,
2022,270,9/27/23,38.9,,
2022,271,9/28/23,38.3,,
2022,272,9/29/23,37.8,,
2022,273,9/30/23,36.1,,
2023,182,7/1/23,45,,
2023,183,7/2/23,46.1,,
2023,184,7/3/23,46.1,,
2023,185,7/4/23,44.4,,
2023,186,7/5/23,42.8,,
2023,187,7/6/23,45,,
2023,188,7/7/23,43.9,,
2023,189,7/8/23,44.4,,
2023,190,7/9/23,43.9,,
2023,191,7/10/23,42.2,,
2023,192,7/11/23,42.8,,
2023,193,7/12/23,43.3,,
2023,194,7/13/23,45.6,,
2023,195,7/14/23,46.1,,
2023,196,7/15/23,47.2,,
2023,197,7/16/23,45,,
2023,198,7/17/23,46.1,,
2023,199,7/18/23,47.8,,
2023,200,7/19/23,47.8,,
2023,201,7/20/23,48.3,,
2023,202,7/21/23,46.1,,
2023,203,7/22/23,46.7,,
2023,204,7/23/23,45.6,,
2023,205,7/24/23,46.1,,
2023,206,7/25/23,47.2,,
2023,207,7/26/23,47.2,,
2023,208,7/27/23,46.1,,
2023,209,7/28/23,46.1,,
2023,210,7/29/23,45,,
2023,211,7/30/23,43.9,,
2023,212,7/31/23,41.7,,
2023,213,8/1/23,42.8,,
2023,214,8/2/23,43.3,,
2023,215,8/3/23,43.3,,
2023,216,8/4/23,45,,
2023,217,8/5/23,46.7,,
2023,218,8/6/23,44.4,,
2023,219,8/7/23,43.9,,
2023,220,8/8/23,43.3,,
2023,221,8/9/23,42.8,,
2023,222,8/10/23,41.1,,
2023,223,8/11/23,40.6,,
2023,224,8/12/23,42.2,,
2023,225,8/13/23,42.2,,
2023,226,8/14/23,40,,
2023,227,8/15/23,43.9,,
2023,228,8/16/23,45.6,,
2023,229,8/17/23,45.6,,
2023,230,8/18/23,40.6,,
2023,231,8/19/23,33.9,,
2023,232,8/20/23,38.9,,
2023,233,8/21/23,32.2,,
2023,234,8/22/23,40,,
2023,235,8/23/23,41.7,,
2023,236,8/24/23,40.6,,
2023,237,8/25/23,42.8,,
2023,238,8/26/23,43.9,,
2023,239,8/27/23,44.4,,
2023,240,8/28/23,47.2,,
2023,241,8/29/23,45.6,,
2023,242,8/30/23,43.3,,
2023,243,8/31/23,42.2,,
2023,244,9/1/23,31.1,,
2023,245,9/2/23,36.7,,
2023,246,9/3/23,37.8,,
2023,247,9/4/23,38.9,,
2023,248,9/5/23,40,,
2023,249,9/6/23,40.6,,
2023,250,9/7/23,37.8,,
2023,251,9/8/23,42.8,,
2023,252,9/9/23,45,,
2023,253,9/10/23,43.9,,
2023,254,9/11/23,41.1,,
2023,255,9/12/23,37.2,,
2023,256,9/13/23,36.7,,
2023,257,9/14/23,38.3,,
2023,258,9/15/23,39.4,,
2023,259,9/16/23,40.6,,
2023,260,9/17/23,41.1,,
2023,261,9/18/23,38.9,,
2023,262,9/19/23,37.8,,
2023,263,9/20/23,37.8,,
2023,264,9/21/23,36.1,,
2023,265,9/22/23,36.7,,
2023,266,9/23/23,35,,
2023,267,9/24/23,37.8,,
2023,268,9/25/23,38.9,,
2023,269,9/26/23,39.4,,
2023,270,9/27/23,40.6,,
2023,271,9/28/23,38.9,,
2023,272,9/29/23,38.3,,
2023,273,9/30/23,38.3,,